HMS,StructuredFormula,Temperature,Pressure,crystal_system,StructuredFormula_normalized
P 4/m m m,Nd Ba Mn Fe O5.45,293.0,0.101325,tetragonal,NdBaMnFeO5.45
P 4/m m m,Nd Ba Mn Fe O5.17,293.0,0.101325,tetragonal,NdBaMnFeO5.17
P 4/m m m,Nd Ba Mn Fe O5.09,293.0,0.101325,tetragonal,NdBaMnFeO5.09
I 4/m m m,Sr2 Mn2.275 Cr0.725 As2 O2,300.0,0.101325,tetragonal,Sr2Mn2.275Cr0.725As2O2
P 42 m c,Ca Mn (Ti0.9 V0.1)2 O6,293.0,0.101325,tetragonal,CaMn(Ti0.9V0.1)2O6
P 42 m c,Ca Mn (Ti0.8 V0.2)2 O6,293.0,0.101325,tetragonal,CaMn(Ti0.8V0.2)2O6
P 42 m c,Ca Mn (Ti0.7 V0.3)2 O6,293.0,0.101325,tetragonal,CaMn(Ti0.7V0.3)2O6
P 42 m c,Ca Mn (Ti0.6 V0.4)2 O6,293.0,0.101325,tetragonal,CaMn(Ti0.6V0.4)2O6
P 42 m c,Ca Mn (Ti0.5 V0.5)2 O6,293.0,0.101325,tetragonal,CaMn(Ti0.5V0.5)2O6
P 42 m c,Ca Mn (Ti0.4 V0.6)2 O6,293.0,0.101325,tetragonal,CaMn(Ti0.4V0.6)2O6
P 4/m,La4 Ba Cu4 Mn O13.5,293.0,0.101325,tetragonal,La4BaCu4MnO13.5
P 4/m,La4 Ba Cu3 Mn2 O13.86,293.0,0.101325,tetragonal,La4BaCu3Mn2O13.86
I 4/m m m,K2 Mn Cl4 (H2 O)2,293.0,0.101325,tetragonal,K2MnCl4(H2O)2
P 42/n m c Z,Y2 Cu Ga Mn4 O12,297.0,0.101325,tetragonal,Y2CuGaMn4O12
I 4/m m m,Eu3 Ba2 Mn2 Cu2 O12.091,298.0,0.101325,tetragonal,Eu3Ba2Mn2Cu2O12.091
I 4/m m m,Eu3 Ba2 Mn2 Cu2 O12.122,298.0,0.101325,tetragonal,Eu3Ba2Mn2Cu2O12.122
I 4/m m m,Sm3 Ba2 Mn2 Cu2 O12.15,298.0,0.101325,tetragonal,Sm3Ba2Mn2Cu2O12.15
I 4/m m m,La2 Sr2 Zn Mn O8,293.0,0.101325,tetragonal,La2Sr2ZnMnO8
I 4/m m m,La2 Sr2 Mg Mn O8,293.0,0.101325,tetragonal,La2Sr2MgMnO8
P 42/m b c,Pb Bi Fe0.85 Mn0.15 O4,300.0,0.101325,tetragonal,PbBiFe0.85Mn0.15O4
P 42/n m c Z,Sm2 Mn Zn Mn3 Ti O12,293.0,0.101325,tetragonal,Sm2MnZnMn3TiO12
P 42/n m c Z,Sm2 Mn Zn Mn Ti3 O12,293.0,0.101325,tetragonal,Sm2MnZnMnTi3O12
P 4 2 2,(Sr La) Mg0.5 Mn0.5 O4,293.0,0.101325,tetragonal,(SrLa)Mg0.5Mn0.5O4
P 4 2 2,Sr La Zn0.5 Mn0.5 O4,293.0,0.101325,tetragonal,SrLaZn0.5Mn0.5O4
I 4/m m m,Eu3 Ba2 Mn2 Cu2 O12,293.0,0.101325,tetragonal,Eu3Ba2Mn2Cu2O12
I 4/m m m,(Dy0.217 Sr0.717)2 (Mn0.760 Ni0.190) O4,293.0,0.101325,tetragonal,(Dy0.217Sr0.717)2(Mn0.760Ni0.190)O4
I 4/m m m,(Dy0.225 Sr0.717)2 (Mn0.379 Ni0.568) O4,293.0,0.101325,tetragonal,(Dy0.225Sr0.717)2(Mn0.379Ni0.568)O4
I 4/m m m,(Dy0.243 Sr0.717)2 (Mn0.190 Ni0.759) O4,293.0,0.101325,tetragonal,(Dy0.243Sr0.717)2(Mn0.190Ni0.759)O4
I 4/m m m,Ba2 (Mn O2) (Zn2 As2),295.0,0.101325,tetragonal,Ba2(MnO2)(Zn2As2)
I 4/m m m,(Sr2 La) (Mn Fe) O6.88,293.0,0.101325,tetragonal,(Sr2La)(MnFe)O6.88
I 4/m m m,(Sr2 La) (Mn1.5 Fe0.5) O6.91,293.0,0.101325,tetragonal,(Sr2La)(Mn1.5Fe0.5)O6.91
I 4/m m m,Sr4 Cu2 Mn3 O7.5 Se2,293.0,0.101325,tetragonal,Sr4Cu2Mn3O7.5Se2
I 4/m m m,Sr2 (Mn0.996 Zn1.88 As2 O2),293.0,0.101325,tetragonal,Sr2(Mn0.996Zn1.88As2O2)
I 4/m m m,La3 Sr Li Mn O8,293.0,0.101325,tetragonal,La3SrLiMnO8
I 41/a m d Z,(Mn0.655 Co0.19 Ni0.155) (Mn0.697 Cu0.045 Ni0.258)2 O4,293.0,0.101325,tetragonal,(Mn0.655Co0.19Ni0.155)(Mn0.697Cu0.045Ni0.258)2O4
P 4/n m m Z,La Sr (Mn O4) F,293.0,0.101325,tetragonal,LaSr(MnO4)F
P 4/n m m Z,(La1.2 Sr1.8) (Mn2 O7) F,293.0,0.101325,tetragonal,(La1.2Sr1.8)(Mn2O7)F
I 41/a m d Z,(Mn0.977 Zn0.021 Mg0.002) (Mn1.997 Al0.005) O4,293.0,0.101325,tetragonal,(Mn0.977Zn0.021Mg0.002)(Mn1.997Al0.005)O4
I 41/a m d Z,(Mn0.981 Zn0.018 Mg0.001) (Mn1.999 Al0.003) O4,293.0,0.101325,tetragonal,(Mn0.981Zn0.018Mg0.001)(Mn1.999Al0.003)O4
I 4/m m m,La1.2 (Sr1.44 Ca0.36) (Mn2 O7),293.0,0.101325,tetragonal,La1.2(Sr1.44Ca0.36)(Mn2O7)
P 4/m m m,(Mn0.97 Cl0.92) La (Nb2 O7),293.0,0.101325,tetragonal,(Mn0.97Cl0.92)La(Nb2O7)
I 4/m m m,(Sr1.2 Nd0.8) (Mn0.6 Rh0.4) O4,293.0,0.101325,tetragonal,(Sr1.2Nd0.8)(Mn0.6Rh0.4)O4
I 41/a m d Z,(Cu0.1 Ni0.61 Co0.2 Mn2.09) O4,293.0,0.101325,tetragonal,(Cu0.1Ni0.61Co0.2Mn2.09)O4
P 4/m m m,Sr2 (Mn Ga (O4.78 F1.22)),293.0,0.101325,tetragonal,Sr2(MnGa(O4.78F1.22))
I 41/a c d Z,Ca Mn11.62 Fe2.38 Si O24,293.0,0.101325,tetragonal,CaMn11.62Fe2.38SiO24
I 4/m m m,Sr2 La Co Mn O7,293.0,0.101325,tetragonal,Sr2LaCoMnO7
I 4/m m m,Sr2 La Fe Mn O7,293.0,0.101325,tetragonal,Sr2LaFeMnO7
I 4/m m m,La Sr3 Mn1.5 Fe1.5 O9.71,293.0,0.101325,tetragonal,LaSr3Mn1.5Fe1.5O9.71
P 4/n m m Z,Pr Mn As O0.95 F0.05,300.0,0.101325,tetragonal,PrMnAsO0.95F0.05
I 4/m c m,Pr0.5 Sr0.45 Ba0.05 Mn O3,293.0,0.101325,tetragonal,Pr0.5Sr0.45Ba0.05MnO3
I 4/m c m,Pr0.5 Sr0.3 Ba0.2 Mn O3,293.0,0.101325,tetragonal,Pr0.5Sr0.3Ba0.2MnO3
I 4/m c m,Pr0.5 Sr0.2 Ba0.3 Mn O3,293.0,0.101325,tetragonal,Pr0.5Sr0.2Ba0.3MnO3
I 4/m c m,Pr0.5 Sr0.1 Ba0.4 Mn O3,293.0,0.101325,tetragonal,Pr0.5Sr0.1Ba0.4MnO3
I 4/m m m,Sr2 Cr1.854 Mn1.146 As2 O2,300.0,0.101325,tetragonal,Sr2Cr1.854Mn1.146As2O2
I 4/m m m,(Sr1.18 La0.60 Ce0.20) Mn O3.96,293.0,0.101325,tetragonal,(Sr1.18La0.60Ce0.20)MnO3.96
I 4/m m m,(Sr1.10 La0.64 Ce0.26) Mn O3.88,293.0,0.101325,tetragonal,(Sr1.10La0.64Ce0.26)MnO3.88
P 42/n Z,Ca Mn0.786 Co1.214 W O6,293.0,0.101325,tetragonal,CaMn0.786Co1.214WO6
P 42/n m c Z,Dy2 Mn Zn Mn3 Ti O12,295.0,0.101325,tetragonal,Dy2MnZnMn3TiO12
P 42/n m c Z,Dy2 Mn Zn Mn2 Ti2 O12,295.0,0.101325,tetragonal,Dy2MnZnMn2Ti2O12
P 4/n m m Z,La1.2 Sr1.8 Mn2 O7 F,293.0,0.101325,tetragonal,La1.2Sr1.8Mn2O7F
I 4/m m m,La1.2 Sr1.8 Mn2 O7 F2,293.0,0.101325,tetragonal,La1.2Sr1.8Mn2O7F2
I 4/m,Sr La Mn W O6,293.0,0.101325,tetragonal,SrLaMnWO6
I 4/m m m,La1.24 Sr1.76 (Mn1.9 Ru0.1 O7),293.0,0.101325,tetragonal,La1.24Sr1.76(Mn1.9Ru0.1O7)
I 4/m m m,La1.24 Sr1.76 (Mn1.82 Ru0.18 O7),293.0,0.101325,tetragonal,La1.24Sr1.76(Mn1.82Ru0.18O7)
I 4/m m m,La1.24 Sr1.76 (Mn1.52 Ru0.48 O7),293.0,0.101325,tetragonal,La1.24Sr1.76(Mn1.52Ru0.48O7)
I 4/m m m,Y0.5 (Y0.03 Sr1.47) (Mn1.33 Ga0.67) O5.27,295.0,0.101325,tetragonal,Y0.5(Y0.03Sr1.47)(Mn1.33Ga0.67)O5.27
I 4/m m m,Ca Sr3 ((Mn1.5 Fe1.5) O10),300.0,0.101325,tetragonal,CaSr3((Mn1.5Fe1.5)O10)
I 4/m m m,Ca Sr3 (Mn2 Fe O10),300.0,0.101325,tetragonal,CaSr3(Mn2FeO10)
P 4/m m m,(La0.5 Sr0.2 Ba0.3) (Mn O3),293.0,0.101325,tetragonal,(La0.5Sr0.2Ba0.3)(MnO3)
P 4/m m m,Nd Ba (Mn Co) O5,300.0,0.101325,tetragonal,NdBa(MnCo)O5
P 4/m m m,Nd Ba (Mn Co) O6,300.0,0.101325,tetragonal,NdBa(MnCo)O6
I 4/m c m,(Sr0.8 Ce0.2) (Mn0.8 Co0.2) O3,293.0,0.101325,tetragonal,(Sr0.8Ce0.2)(Mn0.8Co0.2)O3
I 4/m m m,Sr2 Mn2 Cu As2 O2,293.0,0.101325,tetragonal,Sr2Mn2CuAs2O2
I 4/m m m,Sr2 Mn (Mn1.26 Cu0.74) As2 O2,300.0,0.101325,tetragonal,Sr2Mn(Mn1.26Cu0.74)As2O2
I 41/a m d Z,Li0.60 Mg0.03 Mn0.44 Ni0.03 O,293.0,0.101325,tetragonal,Li0.60Mg0.03Mn0.44Ni0.03O
I 41/a m d Z,Li0.45 Mg0.03 Mn0.34 Ni0.14 O,293.0,0.101325,tetragonal,Li0.45Mg0.03Mn0.34Ni0.14O
I 4/m m m,(La1.5 Sr0.5) (Mn0.5 Cu0.5) O4,295.0,0.101325,tetragonal,(La1.5Sr0.5)(Mn0.5Cu0.5)O4
I 4/m m m,(La Sr) (Mn0.5 Cu0.5) O4,295.0,0.101325,tetragonal,(LaSr)(Mn0.5Cu0.5)O4
I 4/m m m,(Pr Sr) (Mn0.5 Cu0.5) O4,295.0,0.101325,tetragonal,(PrSr)(Mn0.5Cu0.5)O4
I 4/m m m,(Nd Sr) (Mn0.5 Cu0.5) O4,295.0,0.101325,tetragonal,(NdSr)(Mn0.5Cu0.5)O4
P 4/m b m,Ba2 La Mn (Nb4 O15),293.0,0.101325,tetragonal,Ba2LaMn(Nb4O15)
P 4/m n c,Cs6 Mn (H2 O)2 (V O3)8,298.0,0.101325,tetragonal,Cs6Mn(H2O)2(VO3)8
I 4/m m m,Mn Na1.6 Sr2 O2 Se2,300.0,0.101325,tetragonal,MnNa1.6Sr2O2Se2
I 4/m m m,Sr2 Mn Na1.66 O2 Se2,295.0,0.101325,tetragonal,Sr2MnNa1.66O2Se2
I 4/m m m,Sr2 Mn Na1.58 O2 Se2,295.0,0.101325,tetragonal,Sr2MnNa1.58O2Se2
I 4/m m m,Sr2 Mn Na1.68 O2 Se2,295.0,0.101325,tetragonal,Sr2MnNa1.68O2Se2
I 4/m m m,(La Sr2) ((Mn Cr) O6.95),293.0,0.101325,tetragonal,(LaSr2)((MnCr)O6.95)
I 4/m m m,(Ba F)2 Mn2 Se2 O,293.0,0.101325,tetragonal,(BaF)2Mn2Se2O
I 4/m m m,(Pr0.5 Sr1.5) (Cr0.5 Mn0.5) O4,293.0,0.101325,tetragonal,(Pr0.5Sr1.5)(Cr0.5Mn0.5)O4
I 4/m m m,(La0.6 Sr1.4) ((Mn0.5 Cr0.5) O4),293.0,0.101325,tetragonal,(La0.6Sr1.4)((Mn0.5Cr0.5)O4)
I 4/m m m,(La0.7 Sr1.3) ((Mn0.5 Cr0.5) O4),293.0,0.101325,tetragonal,(La0.7Sr1.3)((Mn0.5Cr0.5)O4)
I 4/m m m,(La0.8 Sr1.2) ((Mn0.5 Cr0.5) O4),293.0,0.101325,tetragonal,(La0.8Sr1.2)((Mn0.5Cr0.5)O4)
I 4/m,Ba La Mn Sb O6,293.0,0.101325,tetragonal,BaLaMnSbO6
I 4/m c m,(Sr0.7 Ca0.3) (Ti0.5 Mn0.5) O3,293.0,0.101325,tetragonal,(Sr0.7Ca0.3)(Ti0.5Mn0.5)O3
I 4/m c m,(Sr0.6 Ca0.4) (Ti0.5 Mn0.5) O3,293.0,0.101325,tetragonal,(Sr0.6Ca0.4)(Ti0.5Mn0.5)O3
I 4/m m m,(La0.5 Sr1.5) ((Mn0.91 Ru0.09) O4),300.0,0.101325,tetragonal,(La0.5Sr1.5)((Mn0.91Ru0.09)O4)
I 4/m m m,(La0.5 Sr1.5) ((Mn0.83 Ru0.17) O4),300.0,0.101325,tetragonal,(La0.5Sr1.5)((Mn0.83Ru0.17)O4)
I 4/m m m,(La0.5 Sr1.5) ((Mn0.70 Ru0.30) O4),300.0,0.101325,tetragonal,(La0.5Sr1.5)((Mn0.70Ru0.30)O4)
I 4/m m m,(La0.5 Sr1.5) ((Mn0.59 Ru0.41) O4),300.0,0.101325,tetragonal,(La0.5Sr1.5)((Mn0.59Ru0.41)O4)
I 4/m m m,(La0.5 Sr1.5) (Mn0.5 Cr0.5) O3.96,293.0,0.101325,tetragonal,(La0.5Sr1.5)(Mn0.5Cr0.5)O3.96
P 4/m m m,Nd Ba Co1.5 Mn0.5 O5.60,293.0,0.101325,tetragonal,NdBaCo1.5Mn0.5O5.60
P 4/m m m,Nd Ba Co Mn O5.62,293.0,0.101325,tetragonal,NdBaCoMnO5.62
P 4/m m m,(Y0.5 La0.5) Ba (Mn2 O6),293.0,0.101325,tetragonal,(Y0.5La0.5)Ba(Mn2O6)
I 4/m,Ba2 (Nd0.89 Mn0.11) (Mo O6),298.0,0.101325,tetragonal,Ba2(Nd0.89Mn0.11)(MoO6)
I 4/m,Ba2 (Nd0.79 Mn0.21) (Mo O6),298.0,0.101325,tetragonal,Ba2(Nd0.79Mn0.21)(MoO6)
I 4/m,Ba2 (Nd0.7 Mn0.3) (Mo O6),298.0,0.101325,tetragonal,Ba2(Nd0.7Mn0.3)(MoO6)
P 4/n m m Z,Nd Mn As (O0.95 F0.05),290.0,0.101325,tetragonal,NdMnAs(O0.95F0.05)
I 4/m m m,(La1.1 Bi0.3 Sr1.6) (Mn2 O7),293.0,0.101325,tetragonal,(La1.1Bi0.3Sr1.6)(Mn2O7)
I 4/m m m,Sr2 Mn0.5 Ir0.5 O2.66 H1.33,298.0,0.101325,tetragonal,Sr2Mn0.5Ir0.5O2.66H1.33
I 4/m m m,Sr2 Mn0.5 Ir0.5 O3.25 H0.75,298.0,0.101325,tetragonal,Sr2Mn0.5Ir0.5O3.25H0.75
I 41/a c d Z,Zr0.94 (Mg1.55 Mn4.45) Si O12,293.0,0.101325,tetragonal,Zr0.94(Mg1.55Mn4.45)SiO12
P 42/n Z,Ce2 Mn Zn (Mn2 Sb2) O12,295.0,0.101325,tetragonal,Ce2MnZn(Mn2Sb2)O12
P 4/n b m Z,Ce Mn1.5 Co0.5 Ge4 O12,293.0,0.101325,tetragonal,CeMn1.5Co0.5Ge4O12
P 4/n b m Z,Ce Mn Co Ge4 O12,293.0,0.101325,tetragonal,CeMnCoGe4O12
P 4/n b m Z,Ce Mn0.5 Co1.5 Ge4 O12,293.0,0.101325,tetragonal,CeMn0.5Co1.5Ge4O12
P 4/n b m Z,Ce Mn1.5 Ni0.5 Ge4 O12,293.0,0.101325,tetragonal,CeMn1.5Ni0.5Ge4O12
P 42/m n m,Y Sr Ca Mn2 O7,298.0,0.101325,tetragonal,YSrCaMn2O7
P 42/m n m,Y Sr2 Mn2 O5.5 F3.5,298.0,0.101325,tetragonal,YSr2Mn2O5.5F3.5
I 4/m m m,Ba2 Mn O2 Ag2 Te2,293.0,0.101325,tetragonal,Ba2MnO2Ag2Te2
I 4/m m m,Ag3.71 Ba4 Mn2 O4 Se4,298.0,0.101325,tetragonal,Ag3.71Ba4Mn2O4Se4
I 4/m m m,La1.4 (Sr0.95 Ca0.05)1.6 Mn2 O7,293.0,0.101325,tetragonal,La1.4(Sr0.95Ca0.05)1.6Mn2O7
I 4/m m m,(La0.5 Sr1.5) (Mn0.5 Fe0.5) O4,293.0,0.101325,tetragonal,(La0.5Sr1.5)(Mn0.5Fe0.5)O4
I 4/m m m,(Nd0.5 Sr1.5) (Mn0.5 Fe0.5) O4,293.0,0.101325,tetragonal,(Nd0.5Sr1.5)(Mn0.5Fe0.5)O4
I 4/m m m,(Gd0.5 Sr1.5) (Mn0.5 Fe0.5) O4,293.0,0.101325,tetragonal,(Gd0.5Sr1.5)(Mn0.5Fe0.5)O4
I 4/m m m,(Dy0.5 Sr1.5) (Mn0.5 Fe0.5) O4,293.0,0.101325,tetragonal,(Dy0.5Sr1.5)(Mn0.5Fe0.5)O4
P 4/n m m Z,Mn (Nd0.95 Sr0.05) O As,290.0,0.101325,tetragonal,Mn(Nd0.95Sr0.05)OAs
P 4/n m m Z,Mn (Nd0.9 Sr0.1) O As,290.0,0.101325,tetragonal,Mn(Nd0.9Sr0.1)OAs
P 42/n m c Z,Gd Mn (Ga0.5 Ti0.5)2 O6,295.0,0.101325,tetragonal,GdMn(Ga0.5Ti0.5)2O6
P 42/n m c Z,Sm Mn (Ga0.5 Ti0.5)2 O6,295.0,0.101325,tetragonal,SmMn(Ga0.5Ti0.5)2O6
I 4/m c m,(Sr0.6 Ca0.3 Ce0.1) (Mn O3),293.0,0.101325,tetragonal,(Sr0.6Ca0.3Ce0.1)(MnO3)
I 4/m m m,(La0.8 Sr1.2) (Co0.5 Mn0.5) O3.6,293.0,0.101325,tetragonal,(La0.8Sr1.2)(Co0.5Mn0.5)O3.6
I 4/m m m,(La Sr) (Co0.5 Mn0.5) O3.75,293.0,0.101325,tetragonal,(LaSr)(Co0.5Mn0.5)O3.75
I 4/m m m,(La1.2 Sr0.8) (Co0.5 Mn0.5) O3.85,293.0,0.101325,tetragonal,(La1.2Sr0.8)(Co0.5Mn0.5)O3.85
I 4/m m m,Ca4 (Mn1.36 Fe1.64) O8 Cl2,293.0,0.101325,tetragonal,Ca4(Mn1.36Fe1.64)O8Cl2
I 4/m m m,(La Sr2) ((Co Mn) O7),295.0,0.101325,tetragonal,(LaSr2)((CoMn)O7)
I 4/m m m,(La1.2 Sr1.8) ((Co Mn) O7),295.0,0.101325,tetragonal,(La1.2Sr1.8)((CoMn)O7)
I 4/m m m,(La Sr2) ((Co Mn) O6),295.0,0.101325,tetragonal,(LaSr2)((CoMn)O6)
I 4/m m m,(La1.2 Sr1.8) ((Co Mn) O6),295.0,0.101325,tetragonal,(La1.2Sr1.8)((CoMn)O6)
I 4/m m m,(Sr2 Mn O2) (Cu1.52 Se2),298.0,0.101325,tetragonal,(Sr2MnO2)(Cu1.52Se2)
I 4/m m m,(Sr2 Mn O2) (Ag1.44 Se2),298.0,0.101325,tetragonal,(Sr2MnO2)(Ag1.44Se2)
I 4/m m m,(Pr0.5 Sr1.5) (Co0.5 Mn0.5) O4,293.0,0.101325,tetragonal,(Pr0.5Sr1.5)(Co0.5Mn0.5)O4
I 4/m m m,(Pr1.13 Sr0.87) (Co0.5 Mn0.5) O4,293.0,0.101325,tetragonal,(Pr1.13Sr0.87)(Co0.5Mn0.5)O4
I 4/m c m,Mn0.28 Ba12 (B O3)7.44 F2.24,293.0,0.101325,tetragonal,Mn0.28Ba12(BO3)7.44F2.24
P 42/m b c,Bi4 Fe4.2 Mn0.8 O13 F,293.0,0.101325,tetragonal,Bi4Fe4.2Mn0.8O13F
I 4/m,Ba1.3 La0.7 Mn Sb O6,300.0,0.101325,tetragonal,Ba1.3La0.7MnSbO6
I 4/m,Ba1.4 La0.6 Mn Sb O6,300.0,0.101325,tetragonal,Ba1.4La0.6MnSbO6
I 4/m,Ba1.5 La0.5 Mn Sb O6,300.0,0.101325,tetragonal,Ba1.5La0.5MnSbO6
I 4/m,Ba1.6 La0.4 Mn Sb O6,300.0,0.101325,tetragonal,Ba1.6La0.4MnSbO6
I 4/m,Ba1.7 La0.3 Mn Sb O6,300.0,0.101325,tetragonal,Ba1.7La0.3MnSbO6
P 4/n b m Z,Y Mn Fe Ge4 O12,293.0,0.101325,tetragonal,YMnFeGe4O12
P 4/n b m Z,Eu Mn Fe Ge4 O12,293.0,0.101325,tetragonal,EuMnFeGe4O12
P 4/n b m Z,Lu Mn Fe Ge4 O12,293.0,0.101325,tetragonal,LuMnFeGe4O12
P 4/n m m Z,Nd Mn As O0.95 F0.05,290.0,0.101325,tetragonal,NdMnAsO0.95F0.05
I 4/m c m,(Ca0.2 Sr0.6 Nd0.2) Mn O3,293.0,0.101325,tetragonal,(Ca0.2Sr0.6Nd0.2)MnO3
I 41/a c d Z,((Al1.97 Fe0.03) Mn3)  (Si0.87 O4)3,293.0,0.101325,tetragonal,((Al1.97Fe0.03)Mn3)(Si0.87O4)3
P 4 b m,Ba2 Mn (Si2 O7) Cl,300.0,0.101325,tetragonal,Ba2Mn(Si2O7)Cl
I 41/a c d Z,Mn (Mn5.3 Ga0.7) (Ge0.4 Si0.6) O12,300.0,0.101325,tetragonal,Mn(Mn5.3Ga0.7)(Ge0.4Si0.6)O12
P 4/m m m,Y Ba Co Mn O5,295.0,0.101325,tetragonal,YBaCoMnO5
P 42/m n m,Rb K Mn (V2 O7),293.0,0.101325,tetragonal,RbKMn(V2O7)
P 4/m m m,Nd0.75 Pr0.25 Ba Mn2 O6,293.0,0.101325,tetragonal,Nd0.75Pr0.25BaMn2O6
P 4/m m m,Nd0.5 Pr0.5 Ba Mn2 O6,293.0,0.101325,tetragonal,Nd0.5Pr0.5BaMn2O6
P 4/m m m,Nd0.25 Pr0.75 Ba Mn2 O6,293.0,0.101325,tetragonal,Nd0.25Pr0.75BaMn2O6
P 42/n b c Z,Mn0.56 Ca0.30 Zn0.12 Te2 O5,293.0,0.101325,tetragonal,Mn0.56Ca0.30Zn0.12Te2O5
P 4/n m m Z,(La0.998 Ca0.002) Mn As O,300.0,0.101325,tetragonal,(La0.998Ca0.002)MnAsO
P 4/m m m,Pr Ba Mn Fe O5,293.0,0.101325,tetragonal,PrBaMnFeO5
P 4/m m m,Pr Ba Mn Fe O6,293.0,0.101325,tetragonal,PrBaMnFeO6
I 4/m m m,K7 (Mn V13 O38) (H2 O)18,293.0,0.101325,tetragonal,K7(MnV13O38)(H2O)18
I 4/m m m,(Sr Pr) (Co0.5 Mn0.5) O4,293.0,0.101325,tetragonal,(SrPr)(Co0.5Mn0.5)O4
I 4/m m m,(Sr Nd) (Co0.5 Mn0.5) O4,293.0,0.101325,tetragonal,(SrNd)(Co0.5Mn0.5)O4
I 4/m m m,(Sr Pr) (Co0.5 Mn0.5) O4,300.0,0.101325,tetragonal,(SrPr)(Co0.5Mn0.5)O4
I 4/m m m,(Sr Nd) (Co0.5 Mn0.5) O4,300.0,0.101325,tetragonal,(SrNd)(Co0.5Mn0.5)O4
I 4/m c m,(La0.5 Sr0.5) ((Mn0.99 Cu0.01) O3),293.0,0.101325,tetragonal,(La0.5Sr0.5)((Mn0.99Cu0.01)O3)
I 4/m c m,(La0.5 Sr0.5) ((Mn0.98 Cu0.02) O3),293.0,0.101325,tetragonal,(La0.5Sr0.5)((Mn0.98Cu0.02)O3)
I 4/m c m,(La0.5 Sr0.5) ((Mn0.97 Cu0.03) O3),293.0,0.101325,tetragonal,(La0.5Sr0.5)((Mn0.97Cu0.03)O3)
I 4/m c m,(La0.5 Sr0.5) ((Mn0.96 Cu0.04) O3),293.0,0.101325,tetragonal,(La0.5Sr0.5)((Mn0.96Cu0.04)O3)
I 4/m c m,(La0.5 Sr0.5) ((Mn0.95 Cu0.05) O3),293.0,0.101325,tetragonal,(La0.5Sr0.5)((Mn0.95Cu0.05)O3)
I 4/m c m,(La0.5 Sr0.5) ((Mn0.94 Cu0.06) O3),293.0,0.101325,tetragonal,(La0.5Sr0.5)((Mn0.94Cu0.06)O3)
I 4/m c m,(La0.5 Sr0.5) ((Mn0.93 Cu0.07) O3),293.0,0.101325,tetragonal,(La0.5Sr0.5)((Mn0.93Cu0.07)O3)
I 4/m c m,(La0.5 Sr0.5) ((Mn0.92 Cu0.08) O3),293.0,0.101325,tetragonal,(La0.5Sr0.5)((Mn0.92Cu0.08)O3)
I 4/m c m,(La0.5 Sr0.5) ((Mn0.91 Cu0.09) O3),293.0,0.101325,tetragonal,(La0.5Sr0.5)((Mn0.91Cu0.09)O3)
I 4/m c m,(La0.5 Sr0.5) ((Mn0.9 Cu0.1) O3),298.0,0.101325,tetragonal,(La0.5Sr0.5)((Mn0.9Cu0.1)O3)
I 4/m m m,La1.2 (Sr0.8 Ca0.2)1.8 (Mn2 O7),300.0,0.101325,tetragonal,La1.2(Sr0.8Ca0.2)1.8(Mn2O7)
I 4/m m m,La1.2 (Sr0.6 Ca0.4)1.8 (Mn2 O7),300.0,0.101325,tetragonal,La1.2(Sr0.6Ca0.4)1.8(Mn2O7)
I 4/m m m,(La0.8 Nd0.2)1.2 Sr1.8 Mn2 O7,300.0,0.101325,tetragonal,(La0.8Nd0.2)1.2Sr1.8Mn2O7
I 4/m m m,(La0.6 Nd0.4)1.2 Sr1.8 Mn2 O7,300.0,0.101325,tetragonal,(La0.6Nd0.4)1.2Sr1.8Mn2O7
P 42/m b c,Pb Bi Fe0.95 Mn0.05 O4,293.0,0.101325,tetragonal,PbBiFe0.95Mn0.05O4
P 42/m b c,Pb Bi Fe0.9 Mn0.1 O4,293.0,0.101325,tetragonal,PbBiFe0.9Mn0.1O4
P 42/m b c,Pb Bi Fe0.85 Mn0.15 O4,293.0,0.101325,tetragonal,PbBiFe0.85Mn0.15O4
I 4/m m m,(La1.4 Sr Ca0.6) Mn2 O7,293.0,0.101325,tetragonal,(La1.4SrCa0.6)Mn2O7
I 4/m m m,(La1.2 Sr Ca0.8) Mn2 O7,293.0,0.101325,tetragonal,(La1.2SrCa0.8)Mn2O7
I 4/m m m,(La Sr Ca) Mn2 O7,293.0,0.101325,tetragonal,(LaSrCa)Mn2O7
I 4/m m m,(La0.8 Sr Ca1.2) Mn2 O7,293.0,0.101325,tetragonal,(La0.8SrCa1.2)Mn2O7
I 4/m,Sr2 (Fe0.60 Mn0.25 Mo0.15) ((Mo0.85 Fe0.15) O6),300.0,0.101325,tetragonal,Sr2(Fe0.60Mn0.25Mo0.15)((Mo0.85Fe0.15)O6)
P 42/n m c Z,Na Sm Mn2 Ti4 O12,295.0,0.101325,tetragonal,NaSmMn2Ti4O12
P 42/n m c Z,Na Eu Mn2 Ti4 O12,295.0,0.101325,tetragonal,NaEuMn2Ti4O12
P 42/n m c Z,Na Gd Mn2 Ti4 O12,295.0,0.101325,tetragonal,NaGdMn2Ti4O12
P 42/n m c Z,Na Dy Mn2 Ti4 O12,295.0,0.101325,tetragonal,NaDyMn2Ti4O12
P 42/n m c Z,Na Y Mn2 Ti4 O12,295.0,0.101325,tetragonal,NaYMn2Ti4O12
P 42/n m c Z,Na Ho Mn2 Ti4 O12,295.0,0.101325,tetragonal,NaHoMn2Ti4O12
P 42/n m c Z,Na Dy1.008 Mn1.992 Ti4 O12,295.0,0.101325,tetragonal,NaDy1.008Mn1.992Ti4O12
I 41/a m d Z,Cu0.6 Mn1.68 Ni0.48 Co0.24 O4,293.0,0.101325,tetragonal,Cu0.6Mn1.68Ni0.48Co0.24O4
I 4/m m m,(La1.2 Ba1.8) ((Mn1.9 Ru0.1) O7),300.0,0.101325,tetragonal,(La1.2Ba1.8)((Mn1.9Ru0.1)O7)
I 4/m m m,(La1.2 Ba1.8) ((Mn1.5 Ru0.5) O7),300.0,0.101325,tetragonal,(La1.2Ba1.8)((Mn1.5Ru0.5)O7)
I 4/m m m,(La1.2 Ba1.8) ((Mn Ru) O7),300.0,0.101325,tetragonal,(La1.2Ba1.8)((MnRu)O7)
I 4/m m m,(Pr1.5 Sr1.5) (Cu Mn) O6.5,293.0,0.101325,tetragonal,(Pr1.5Sr1.5)(CuMn)O6.5
I 4/m m m,(La Sr2) ((Co Mn) O7),293.0,0.101325,tetragonal,(LaSr2)((CoMn)O7)
I 4/m m m,(La1.5 Sr1.5) (Mn1.25 Ni0.75) O6.67,293.0,0.101325,tetragonal,(La1.5Sr1.5)(Mn1.25Ni0.75)O6.67
P -4 2 m,K La Mn (W O6),293.0,0.101325,tetragonal,KLaMn(WO6)
I 4/m c m,Sr0.95 La Mn Ti O6,298.0,0.101325,tetragonal,Sr0.95LaMnTiO6
I 4/m c m,Sr0.88 La Mn Ti O6,298.0,0.101325,tetragonal,Sr0.88LaMnTiO6
I 4/m c m,Sr0.85 La Mn Ti O6,298.0,0.101325,tetragonal,Sr0.85LaMnTiO6
I 4/m m m,La1.5 Sr1.5 Cu Mn O6.67,293.0,0.101325,tetragonal,La1.5Sr1.5CuMnO6.67
I 4/m m m,(La1.15 Sr1.8 Tb0.05) (Mn2 O7),293.0,0.101325,tetragonal,(La1.15Sr1.8Tb0.05)(Mn2O7)
I 4/m m m,(La1.05 Sr1.8 Tb0.15) (Mn2 O7),293.0,0.101325,tetragonal,(La1.05Sr1.8Tb0.15)(Mn2O7)
I 4/m m m,(La Sr1.8 Tb0.2) (Mn2 O7),293.0,0.101325,tetragonal,(LaSr1.8Tb0.2)(Mn2O7)
I 4/m m m,Sr2 Mn O2 Cu1.61 Se2,293.0,0.101325,tetragonal,Sr2MnO2Cu1.61Se2
I 4/m m m,(La1.2 Sr0.9 Ca0.9) (Mn2 O7),300.0,0.101325,tetragonal,(La1.2Sr0.9Ca0.9)(Mn2O7)
I 4/m m m,La Sr2 Co Mn O7.011,293.0,0.101325,tetragonal,LaSr2CoMnO7.011
I 4/m m m,La Sr2 Co Mn O6.943,293.0,0.101325,tetragonal,LaSr2CoMnO6.943
I 4/m m m,La2 Sm0.4 Sr0.6 Mn2 O7,293.0,0.101325,tetragonal,La2Sm0.4Sr0.6Mn2O7
I 4/m m m,Sr2 (Sc0.997 Mn0.003) O3 F,293.0,0.101325,tetragonal,Sr2(Sc0.997Mn0.003)O3F
I 4/m,(Sr1.98 Bi0.02) Mn Mo O6,293.0,0.101325,tetragonal,(Sr1.98Bi0.02)MnMoO6
I 4/m,(Sr1.95 Bi0.05) Mn Mo O6,293.0,0.101325,tetragonal,(Sr1.95Bi0.05)MnMoO6
I 4/m,(Sr1.94 Bi0.06) Mn Mo O6,293.0,0.101325,tetragonal,(Sr1.94Bi0.06)MnMoO6
I 4/m,(Sr1.92 Bi0.08) Mn Mo O6,293.0,0.101325,tetragonal,(Sr1.92Bi0.08)MnMoO6
I 4/m,(Sr1.90 Bi0.10) Mn Mo O6,293.0,0.101325,tetragonal,(Sr1.90Bi0.10)MnMoO6
I 4/m m m,La1.7 (Sr0.5 Ca0.5)1.3 Mn2 O7,293.0,0.101325,tetragonal,La1.7(Sr0.5Ca0.5)1.3Mn2O7
I 4/m m m,La1.6 (Sr0.5 Ca0.5)1.4 Mn2 O7,293.0,0.101325,tetragonal,La1.6(Sr0.5Ca0.5)1.4Mn2O7
I 4/m m m,La1.5 (Sr0.5 Ca0.5)1.5 Mn2 O7,293.0,0.101325,tetragonal,La1.5(Sr0.5Ca0.5)1.5Mn2O7
I 4/m m m,La Sr Mn O3.3 H0.7,293.0,0.101325,tetragonal,LaSrMnO3.3H0.7
I 4/m m m,La Sr Mn O3.3 H0.7,300.0,0.101325,tetragonal,LaSrMnO3.3H0.7
I 4/m m m,La Sr Mn O4 F1.84,293.0,0.101325,tetragonal,LaSrMnO4F1.84
I 4/m c m,(La0.5 Sr0.5) (Mn0.95 Ru0.05) O3,293.0,0.101325,tetragonal,(La0.5Sr0.5)(Mn0.95Ru0.05)O3
I 4/m c m,(Sr0.7 Ca0.2 Nd0.1) Mn O3,293.0,0.101325,tetragonal,(Sr0.7Ca0.2Nd0.1)MnO3
I 4/m c m,(Sr0.6 Ca0.3 Nd0.1) Mn O3,293.0,0.101325,tetragonal,(Sr0.6Ca0.3Nd0.1)MnO3
I 4/m c m,(Sr0.5 Ca0.4 Nd0.1) Mn O3,293.0,0.101325,tetragonal,(Sr0.5Ca0.4Nd0.1)MnO3
I 4/m c m,(Sr0.7 Ca0.1 Nd0.2) Mn O3,293.0,0.101325,tetragonal,(Sr0.7Ca0.1Nd0.2)MnO3
I 4/m c m,(Sr0.6 Ca0.2 Nd0.2) Mn O3,293.0,0.101325,tetragonal,(Sr0.6Ca0.2Nd0.2)MnO3
I 4/m c m,(Sr0.5 Ca0.3 Nd0.2) Mn O3,293.0,0.101325,tetragonal,(Sr0.5Ca0.3Nd0.2)MnO3
I 4/m c m,(Sr0.4 Ca0.4 Nd0.2) Mn O3,293.0,0.101325,tetragonal,(Sr0.4Ca0.4Nd0.2)MnO3
I 4/m c m,(Sr0.3 Ca0.5 Nd0.2) Mn O3,293.0,0.101325,tetragonal,(Sr0.3Ca0.5Nd0.2)MnO3
I 4/m m m,Gd Sr2 Mn Cr O7,293.0,0.101325,tetragonal,GdSr2MnCrO7
I 4/m c m,(Sr0.65 Pr0.30 Ce0.05) Mn O3,300.0,0.101325,tetragonal,(Sr0.65Pr0.30Ce0.05)MnO3
I 4/m c m,(Sr0.65 Pr0.25 Ce0.10) Mn O3,300.0,0.101325,tetragonal,(Sr0.65Pr0.25Ce0.10)MnO3
I 4/m c m,(Sr0.65 Pr0.20 Ce0.15) Mn O3,300.0,0.101325,tetragonal,(Sr0.65Pr0.20Ce0.15)MnO3
I 4/m c m,(Sr0.65 Pr0.15 Ce0.20) Mn O3,300.0,0.101325,tetragonal,(Sr0.65Pr0.15Ce0.20)MnO3
I 4/m c m,(Sr0.65 Pr0.10 Ce0.25) Mn O3,300.0,0.101325,tetragonal,(Sr0.65Pr0.10Ce0.25)MnO3
I 4/m c m,(Sr0.65 Pr0.05 Ce0.30) Mn O3,300.0,0.101325,tetragonal,(Sr0.65Pr0.05Ce0.30)MnO3
P 4 m m,(Bi0.8 La0.2) (Fe0.8 Mn0.2) O3,293.0,0.101325,tetragonal,(Bi0.8La0.2)(Fe0.8Mn0.2)O3
I 4/m c m,(La0.5 Sr0.5) (Mn0.95 Cr0.05) O3,293.0,0.101325,tetragonal,(La0.5Sr0.5)(Mn0.95Cr0.05)O3
I 4/m c m,(La0.5 Sr0.5) (Mn0.9 Cr0.1) O3,293.0,0.101325,tetragonal,(La0.5Sr0.5)(Mn0.9Cr0.1)O3
I 4/m c m,(La0.5 Sr0.5) (Mn0.85 Cr0.15) O3,293.0,0.101325,tetragonal,(La0.5Sr0.5)(Mn0.85Cr0.15)O3
I 4/m c m,(La0.5 Sr0.5) (Mn0.8 Cr0.2) O3,293.0,0.101325,tetragonal,(La0.5Sr0.5)(Mn0.8Cr0.2)O3
I 4/m m m,Sr2 Mn O2 Ag1.5 Se2,293.0,0.101325,tetragonal,Sr2MnO2Ag1.5Se2
I 4/m m m,La Sr Ni0.9 Mn0.1 O4,293.0,0.101325,tetragonal,LaSrNi0.9Mn0.1O4
I 4/m m m,La Sr Ni0.8 Mn0.2 O4,293.0,0.101325,tetragonal,LaSrNi0.8Mn0.2O4
I 4/m m m,La Sr Ni0.7 Mn0.3 O4,293.0,0.101325,tetragonal,LaSrNi0.7Mn0.3O4
I 4/m m m,La Sr Ni0.5 Mn0.5 O4,293.0,0.101325,tetragonal,LaSrNi0.5Mn0.5O4
P 4/m m m,Gd Ba Mn Fe O5,293.0,0.101325,tetragonal,GdBaMnFeO5
I 4/m m m,La2 Fe Mn Se2 O3,300.0,0.101325,tetragonal,La2FeMnSe2O3
I 4/m m m,K2 H4 (Mn V14 O40),296.0,0.101325,tetragonal,K2H4(MnV14O40)
C m c m,Rb2 (Mn F5) (H2 O),293.0,0.101325,orthorhombic,Rb2(MnF5)(H2O)
P b c m,Mn4 (Mn5 Bi) (Se O3)8 Cl5,293.0,0.101325,orthorhombic,Mn4(Mn5Bi)(SeO3)8Cl5
P b n m,Mg0.75 Fe1.10 Mn0.15 Si O4,293.0,0.101325,orthorhombic,Mg0.75Fe1.10Mn0.15SiO4
P b c n,(Mn0.97 Ti0.03) (Ta0.64 Nb0.36)2 O6,293.0,0.101325,orthorhombic,(Mn0.97Ti0.03)(Ta0.64Nb0.36)2O6
P b c n,Ta0.42 Mn0.30 Nb0.24 Ti0.02 O2,293.0,0.101325,orthorhombic,Ta0.42Mn0.30Nb0.24Ti0.02O2
P b n m,La0.5 Sr0.5 Mn0.5 Cr0.5 O3,293.0,0.101325,orthorhombic,La0.5Sr0.5Mn0.5Cr0.5O3
P n m a,La0.5 Sr0.5 Mn0.5 Rh0.5 O3,293.0,0.101325,orthorhombic,La0.5Sr0.5Mn0.5Rh0.5O3
P n n m,(Al1.81 Mn0.16 Fe0.03) (Si O4) O,293.0,0.101325,orthorhombic,(Al1.81Mn0.16Fe0.03)(SiO4)O
P n m a,(Dy0.55 Sr0.45) (Mn0.8 Fe0.2) O3,293.0,0.101325,orthorhombic,(Dy0.55Sr0.45)(Mn0.8Fe0.2)O3
F d d d Z,Li3 Mg2 Ta0.999 Mn0.001 O6,293.0,0.101325,orthorhombic,Li3Mg2Ta0.999Mn0.001O6
P b n m,Eu0.65 Sr0.35 Mn0.7 Fe0.3 O3,293.0,0.101325,orthorhombic,Eu0.65Sr0.35Mn0.7Fe0.3O3
F d d d Z,K11 Mn21 Ge32 O86 (O H)9 (H2 O),297.0,0.101325,orthorhombic,K11Mn21Ge32O86(OH)9(H2O)
P n m a,(Pb0.5 Sr0.5) Mn B O4,300.0,0.101325,orthorhombic,(Pb0.5Sr0.5)MnBO4
P b c n,(Fe0.01 Mn0.99) (Nb0.56 Ta1.44) O6,300.0,0.101325,orthorhombic,(Fe0.01Mn0.99)(Nb0.56Ta1.44)O6
P b n m,La0.65 Ca0.3 Li0.05 Mn O3,293.0,0.101325,orthorhombic,La0.65Ca0.3Li0.05MnO3
P b n m,La0.65 Ca0.25 Li0.1 Mn O3,293.0,0.101325,orthorhombic,La0.65Ca0.25Li0.1MnO3
P b n m,La0.65 Ca0.2 Li0.15 Mn O3,293.0,0.101325,orthorhombic,La0.65Ca0.2Li0.15MnO3
P b n m,Gd0.5 Sr0.5 Fe0.5 Mn0.5 O3,293.0,0.101325,orthorhombic,Gd0.5Sr0.5Fe0.5Mn0.5O3
P b n m,Nd0.5 Sr0.5 Fe0.5 Mn0.5 O3,293.0,0.101325,orthorhombic,Nd0.5Sr0.5Fe0.5Mn0.5O3
P b n m,Pr0.5 Sr0.5 Fe0.5 Mn0.5 O3,293.0,0.101325,orthorhombic,Pr0.5Sr0.5Fe0.5Mn0.5O3
P b c n,Pb2 (Mn0.68 Fe0.32)2 Si2 O9,293.0,0.101325,orthorhombic,Pb2(Mn0.68Fe0.32)2Si2O9
P b n m,Mg1.064 Fe0.902 Mn0.034 (Si O4),293.0,0.101325,orthorhombic,Mg1.064Fe0.902Mn0.034(SiO4)
P b n m,Mg0.347 Fe1.548 Mn0.105 (Si O4),293.0,0.101325,orthorhombic,Mg0.347Fe1.548Mn0.105(SiO4)
P b n m,Mg0.145 Fe1.742 Mn0.113 (Si O4),293.0,0.101325,orthorhombic,Mg0.145Fe1.742Mn0.113(SiO4)
P b n m,Mg0.136 Fe1.741 Mn0.123 (Si O4),293.0,0.101325,orthorhombic,Mg0.136Fe1.741Mn0.123(SiO4)
P b n m,Mg0.105 Fe1.741 Mn0.121 (Si O4),293.0,0.101325,orthorhombic,Mg0.105Fe1.741Mn0.121(SiO4)
P b n m,Mg0.075 Fe1.791 Mn0.134 (Si O4),293.0,0.101325,orthorhombic,Mg0.075Fe1.791Mn0.134(SiO4)
P b n m,(La0.667 Ca0.333) (Mn0.99 In0.01) O3,293.0,0.101325,orthorhombic,(La0.667Ca0.333)(Mn0.99In0.01)O3
P b n m,(La0.667 Ca0.333) (Mn0.97 In0.03) O3,293.0,0.101325,orthorhombic,(La0.667Ca0.333)(Mn0.97In0.03)O3
P b n m,(La0.667 Ca0.333) (Mn0.95 In0.05) O3,293.0,0.101325,orthorhombic,(La0.667Ca0.333)(Mn0.95In0.05)O3
P b n m,(La0.667 Ca0.333) (Mn0.93 In0.07) O3,293.0,0.101325,orthorhombic,(La0.667Ca0.333)(Mn0.93In0.07)O3
P n m a,(La0.1 Ca0.9) ((Mn0.95 Ge0.05) O3),293.0,0.101325,orthorhombic,(La0.1Ca0.9)((Mn0.95Ge0.05)O3)
P n m a,(La0.1 Ca0.9) ((Mn0.9 Ge0.1) O3),293.0,0.101325,orthorhombic,(La0.1Ca0.9)((Mn0.9Ge0.1)O3)
I m m a,(La0.69 Pb0.31) (Mn0.62 Ti0.38) O3,293.0,0.101325,orthorhombic,(La0.69Pb0.31)(Mn0.62Ti0.38)O3
P n m a,Pb Mn (V O4) (O H),293.0,0.101325,orthorhombic,PbMn(VO4)(OH)
P n n m,(Mn0.773 Fe0.069 Al0.158) (Al0.962 Mn0.035 Fe0.003) Si O5,293.0,0.101325,orthorhombic,(Mn0.773Fe0.069Al0.158)(Al0.962Mn0.035Fe0.003)SiO5
P b n m,(La0.67 Ca0.33) (Mn0.894 Fe0.106) O3.05,293.0,0.101325,orthorhombic,(La0.67Ca0.33)(Mn0.894Fe0.106)O3.05
I m a 2,Sr Ca Mn Ga O5,290.0,0.101325,orthorhombic,SrCaMnGaO5
I m m a,Mn Fe F5 (H2 O)2,293.0,0.101325,orthorhombic,MnFeF5(H2O)2
P m m m,Y0.957 Ba1.988 Cu2.912 Mn0.088 O6.989,293.0,0.101325,orthorhombic,Y0.957Ba1.988Cu2.912Mn0.088O6.989
A 2 a a,Bi Pb Sr2 Mn O6,293.0,0.101325,orthorhombic,BiPbSr2MnO6
P b n m,La0.75 Ca0.2 Na0.05 Mn O3,293.0,0.101325,orthorhombic,La0.75Ca0.2Na0.05MnO3
P b n m,La0.75 Ca0.15 Na0.1 Mn O3,293.0,0.101325,orthorhombic,La0.75Ca0.15Na0.1MnO3
C m c m,Tl2 (Mn F5) (H2 O),293.0,0.101325,orthorhombic,Tl2(MnF5)(H2O)
P n m a,Ba Pb1.5 (Mn6 Al2) O16,293.0,0.101325,orthorhombic,BaPb1.5(Mn6Al2)O16
P b c a,Ca (Ca0.67 Mn0.33) (H Si O4) (O H),293.0,0.101325,orthorhombic,Ca(Ca0.67Mn0.33)(HSiO4)(OH)
I m m m,Ba (Mn0.36 Mg0.64) Nd2 O5,293.0,0.101325,orthorhombic,Ba(Mn0.36Mg0.64)Nd2O5
P n n m,(Mg1.33 Mn1.49 Sb0.17) (B O3) O2,293.0,0.101325,orthorhombic,(Mg1.33Mn1.49Sb0.17)(BO3)O2
A m a a,Bi Pb Sr2 Mn O6,293.0,0.101325,orthorhombic,BiPbSr2MnO6
I m m a,Mn V F5 (H2 O)2,293.0,0.101325,orthorhombic,MnVF5(H2O)2
P b n m,(Pr0.7 Ca0.2 Sr0.1) Mn O3,293.0,0.101325,orthorhombic,(Pr0.7Ca0.2Sr0.1)MnO3
P n m a,(La0.1 Ca0.9) (Mn0.8 Ti0.2) O3,293.0,0.101325,orthorhombic,(La0.1Ca0.9)(Mn0.8Ti0.2)O3
P n m a,(La0.1 Ca0.9) (Mn0.6 Ti0.4) O3,293.0,0.101325,orthorhombic,(La0.1Ca0.9)(Mn0.6Ti0.4)O3
P n m a,(La0.1 Ca0.9) (Mn0.4 Ti0.6) O3,293.0,0.101325,orthorhombic,(La0.1Ca0.9)(Mn0.4Ti0.6)O3
P n m a,(La0.1 Ca0.9) (Mn0.2 Ti0.8) O3,293.0,0.101325,orthorhombic,(La0.1Ca0.9)(Mn0.2Ti0.8)O3
P n m a,(La0.1 Ca0.9) (Mn0.1 Ti0.9) O3,293.0,0.101325,orthorhombic,(La0.1Ca0.9)(Mn0.1Ti0.9)O3
P b n m,((La0.96 Tb0.04)0.667 Ca0.333) Mn O3,293.0,0.101325,orthorhombic,((La0.96Tb0.04)0.667Ca0.333)MnO3
P b n m,((La0.925 Tb0.075)0.667 Ca0.333) Mn O3,293.0,0.101325,orthorhombic,((La0.925Tb0.075)0.667Ca0.333)MnO3
P b n m,((La0.85 Tb0.15)0.667 Ca0.333) Mn O3,293.0,0.101325,orthorhombic,((La0.85Tb0.15)0.667Ca0.333)MnO3
P b n m,((La0.75 Tb0.25)0.667 Ca0.333) Mn O3,293.0,0.101325,orthorhombic,((La0.75Tb0.25)0.667Ca0.333)MnO3
P b n m,((La0.67 Tb0.33)0.667 Ca0.333) Mn O3,293.0,0.101325,orthorhombic,((La0.67Tb0.33)0.667Ca0.333)MnO3
P b n m,((La0.5 Tb0.5)0.667 Ca0.333) Mn O3,293.0,0.101325,orthorhombic,((La0.5Tb0.5)0.667Ca0.333)MnO3
P b n m,((La0.25 Tb0.75)0.667 Ca0.333) Mn O3,293.0,0.101325,orthorhombic,((La0.25Tb0.75)0.667Ca0.333)MnO3
P 21 c n,Sr Mn2 (Si2 O7) (O H)2 (H2 O),295.0,0.101325,orthorhombic,SrMn2(Si2O7)(OH)2(H2O)
P 21 21 21,Ca Mn O (Si O3 (O H)),300.0,0.101325,orthorhombic,CaMnO(SiO3(OH))
I m m a,(La0.167 Nd0.333 Sr0.5) (Mn O3),293.0,0.101325,orthorhombic,(La0.167Nd0.333Sr0.5)(MnO3)
I m m a,(Nd0.25 Sm0.25 Sr0.5) (Mn O3),293.0,0.101325,orthorhombic,(Nd0.25Sm0.25Sr0.5)(MnO3)
P n m a,(La0.25 Nd0.25 Ca0.5) (Mn O3),293.0,0.101325,orthorhombic,(La0.25Nd0.25Ca0.5)(MnO3)
P n m a,(Sm0.25 Y0.25 Ca0.5) (Mn O3),293.0,0.101325,orthorhombic,(Sm0.25Y0.25Ca0.5)(MnO3)
P n m a,(Pr0.5 Ca0.5) (Mn0.95 Cr0.05) O3,300.0,0.101325,orthorhombic,(Pr0.5Ca0.5)(Mn0.95Cr0.05)O3
I m m a,(Pr0.5 Sr0.41 Ca0.09) Mn O3,300.0,0.101325,orthorhombic,(Pr0.5Sr0.41Ca0.09)MnO3
F m m m,Bi2 Sr2 Nb2 Mn O11.57,293.0,0.101325,orthorhombic,Bi2Sr2Nb2MnO11.57
P b n m,(La0.625 Ca0.35) Mn O (O1.9 F0.05),293.0,0.101325,orthorhombic,(La0.625Ca0.35)MnO(O1.9F0.05)
P b n m,(La0.625 Ca0.35) Mn O (O1.85 F0.1),293.0,0.101325,orthorhombic,(La0.625Ca0.35)MnO(O1.85F0.1)
P b n m,(La0.6 Ca0.4) Mn O (O1.775 F0.175),293.0,0.101325,orthorhombic,(La0.6Ca0.4)MnO(O1.775F0.175)
P n m a,(Ca0.5 La0.5) (Mn0.5 Ru0.5) O3,293.0,0.101325,orthorhombic,(Ca0.5La0.5)(Mn0.5Ru0.5)O3
P n m a,(La0.25 Pr0.75)0.7 Ca0.3 (Mn O3),293.0,0.101325,orthorhombic,(La0.25Pr0.75)0.7Ca0.3(MnO3)
P b n m,(La0.6 Sr0.1 Ca0.3) (Mn O3),293.0,0.101325,orthorhombic,(La0.6Sr0.1Ca0.3)(MnO3)
P b n m,(Nd1.33 Na0.66) (Mn0.66 Ti1.34) O6,293.0,0.101325,orthorhombic,(Nd1.33Na0.66)(Mn0.66Ti1.34)O6
P b n m,Nd1.33 Na0.66 Mn0.66 Ti1.34 O6,293.0,0.101325,orthorhombic,Nd1.33Na0.66Mn0.66Ti1.34O6
I m m a,La Ba In Mn O6,293.0,0.101325,orthorhombic,LaBaInMnO6
I m m a,(La1.2 Ba0.8) In Mn O6,293.0,0.101325,orthorhombic,(La1.2Ba0.8)InMnO6
P n m a,(La1.2 Sr0.8) In Mn O6,293.0,0.101325,orthorhombic,(La1.2Sr0.8)InMnO6
P b n m,(Pr1.333 Na0.667) (Mn0.667 Ti1.333) O6,293.0,0.101325,orthorhombic,(Pr1.333Na0.667)(Mn0.667Ti1.333)O6
P b n m,(Nd1.45 Na0.55) (Mn0.55 Ti1.45) O6,293.0,0.101325,orthorhombic,(Nd1.45Na0.55)(Mn0.55Ti1.45)O6
P b n m,(La0.6 Ba0.1 Ca0.3) Mn O3,293.0,0.101325,orthorhombic,(La0.6Ba0.1Ca0.3)MnO3
I b m m,((Nd0.125 Sm0.875)0.5 Sr0.5) Mn O3,300.0,0.101325,orthorhombic,((Nd0.125Sm0.875)0.5Sr0.5)MnO3
P n m a,(La0.425 Pr0.2 Ca0.375) (Mn O3),293.0,0.101325,orthorhombic,(La0.425Pr0.2Ca0.375)(MnO3)
P n m a,(La0.275 Pr0.35 Ca0.375) (Mn O3),293.0,0.101325,orthorhombic,(La0.275Pr0.35Ca0.375)(MnO3)
P n m a,(Nd0.7 Ba0.1 Sr0.2) (Mn O3),293.0,0.101325,orthorhombic,(Nd0.7Ba0.1Sr0.2)(MnO3)
P n m a,(Nd0.7 Ba0.2 Sr0.1) (Mn O3),293.0,0.101325,orthorhombic,(Nd0.7Ba0.2Sr0.1)(MnO3)
P n m a,(Nd0.7 Ba0.25 Sr0.05) (Mn O3),293.0,0.101325,orthorhombic,(Nd0.7Ba0.25Sr0.05)(MnO3)
P c c n,Pr2 Ca2 (Mn Ni O8),293.0,0.101325,orthorhombic,Pr2Ca2(MnNiO8)
P c c n,Nd2 Ca2 (Mn Ni O8),293.0,0.101325,orthorhombic,Nd2Ca2(MnNiO8)
P c c n,Sm2 Ca2 (Mn Ni O8),293.0,0.101325,orthorhombic,Sm2Ca2(MnNiO8)
P c c n,Gd2 Ca2 (Mn Ni O8),293.0,0.101325,orthorhombic,Gd2Ca2(MnNiO8)
P n m a,(La0.18 Pr0.42 Sr0.4) (Mn O3),293.0,0.101325,orthorhombic,(La0.18Pr0.42Sr0.4)(MnO3)
P n m a,(La0.06 Pr0.54 Sr0.4) (Mn O3),293.0,0.101325,orthorhombic,(La0.06Pr0.54Sr0.4)(MnO3)
P n m a,(Nd0.6 Mg0.1 Sr0.3) (Mn O3),298.0,0.101325,orthorhombic,(Nd0.6Mg0.1Sr0.3)(MnO3)
P n m a,(Nd0.6 Mg0.1 Sr0.3) ((Mn0.9 Mg0.1) O3),298.0,0.101325,orthorhombic,(Nd0.6Mg0.1Sr0.3)((Mn0.9Mg0.1)O3)
P n m a,(Nd0.6 Mg0.1 Sr0.3) ((Mn0.8 Mg0.2) O3),298.0,0.101325,orthorhombic,(Nd0.6Mg0.1Sr0.3)((Mn0.8Mg0.2)O3)
P n n m,Al1.920 Mn0.023 Fe0.057 (O (Si O4)),293.0,0.101325,orthorhombic,Al1.920Mn0.023Fe0.057(O(SiO4))
P n n m,Al1.756 Mn0.182 Fe0.062 (O (Si O4)),293.0,0.101325,orthorhombic,Al1.756Mn0.182Fe0.062(O(SiO4))
P n n m,Al1.562 Mn0.342 Fe0.096 (O (Si O4)),293.0,0.101325,orthorhombic,Al1.562Mn0.342Fe0.096(O(SiO4))
P n n m,Al1.302 Mn0.680 Fe0.018 (O (Si O4)),293.0,0.101325,orthorhombic,Al1.302Mn0.680Fe0.018(O(SiO4))
P c c a,Cs Mn Cl3 (H2 O)2,293.0,0.101325,orthorhombic,CsMnCl3(H2O)2
I m m a,Mn Cr F5 (H2 O)2,301.64,0.101325,orthorhombic,MnCrF5(H2O)2
P b c n,K2 (Mn (Se O4) F3),293.0,0.101325,orthorhombic,K2(Mn(SeO4)F3)
P n m a,Mg5 (Mg1.48 Mn0.52) (Si8 O22) (O H)2,293.0,0.1,orthorhombic,Mg5(Mg1.48Mn0.52)(Si8O22)(OH)2
P n m a,Ca2 (Fe0.78 Mn0.65) Al0.57 O4.95,293.0,0.101325,orthorhombic,Ca2(Fe0.78Mn0.65)Al0.57O4.95
P n m a,Ca2 Fe0.59 Mn0.57 Al0.84 O4.97,293.0,0.101325,orthorhombic,Ca2Fe0.59Mn0.57Al0.84O4.97
I 2 m b,Ca2 (Fe0.43 Mn0.43 Al1.14) O4.96,293.0,0.101325,orthorhombic,Ca2(Fe0.43Mn0.43Al1.14)O4.96
I 2 m b,Ca2 (Fe0.31 Mn0.31 Al1.38) O4.97,293.0,0.101325,orthorhombic,Ca2(Fe0.31Mn0.31Al1.38)O4.97
P m c n,(Co0.385 Mn0.615) Pb2 W O6,293.0,0.101325,orthorhombic,(Co0.385Mn0.615)Pb2WO6
I m m a,Cs (Mn0.02 Mo0.98) O2 F3,293.0,0.101325,orthorhombic,Cs(Mn0.02Mo0.98)O2F3
P n m a,La0.7 Y0.05 Ba0.25 Mn O3,293.0,0.101325,orthorhombic,La0.7Y0.05Ba0.25MnO3
P m m n Z,Gd2 Cu Zn Mn4 O12,295.0,0.101325,orthorhombic,Gd2CuZnMn4O12
P n a m,Pb0.9 Sr0.09 Mn B O4,293.0,0.101325,orthorhombic,Pb0.9Sr0.09MnBO4
P n a m,Pb0.83 Sr0.17 Mn B O4,293.0,0.101325,orthorhombic,Pb0.83Sr0.17MnBO4
P n a m,Pb0.7 Sr0.3 Mn B O4,293.0,0.101325,orthorhombic,Pb0.7Sr0.3MnBO4
P n a m,Pb0.6 Sr0.4 Mn B O4,293.0,0.101325,orthorhombic,Pb0.6Sr0.4MnBO4
P n a m,Pb0.5 Sr0.5 Mn B O4,293.0,0.101325,orthorhombic,Pb0.5Sr0.5MnBO4
P n a m,Pb0.4 Sr0.6 Mn B O4,293.0,0.101325,orthorhombic,Pb0.4Sr0.6MnBO4
P n a m,Pb0.29 Sr0.71 Mn B O4,293.0,0.101325,orthorhombic,Pb0.29Sr0.71MnBO4
P n a m,Pb0.16 Sr0.84 Mn B O4,293.0,0.101325,orthorhombic,Pb0.16Sr0.84MnBO4
P n a m,Pb0.08 Sr0.92 Mn B O4,293.0,0.101325,orthorhombic,Pb0.08Sr0.92MnBO4
P n n m,Ba2 Mn (Se O3)2 Cl2,293.0,0.101325,orthorhombic,Ba2Mn(SeO3)2Cl2
I m m a,Nd2.8 Ba1.2 Mn3.8 Ti0.20 O12,293.0,0.101325,orthorhombic,Nd2.8Ba1.2Mn3.8Ti0.20O12
I m m a,Nd2.8 Ba1.2 Mn3.4 Ti0.60 O12,293.0,0.101325,orthorhombic,Nd2.8Ba1.2Mn3.4Ti0.60O12
I m m a,Nd2.8 Ba1.2 Mn3 Ti O12,293.0,0.101325,orthorhombic,Nd2.8Ba1.2Mn3TiO12
P b n m,Pr0.5 Sr0.45 Na0.05 Mn O3,293.0,0.101325,orthorhombic,Pr0.5Sr0.45Na0.05MnO3
P b n m,Pr0.5 Sr0.4 Na0.1 Mn O3,293.0,0.101325,orthorhombic,Pr0.5Sr0.4Na0.1MnO3
P b n m,Pr0.5 Sr0.35 Na0.15 Mn O3,293.0,0.101325,orthorhombic,Pr0.5Sr0.35Na0.15MnO3
P b n m,Pr0.5 Sr0.3 Na0.2 Mn O3,293.0,0.101325,orthorhombic,Pr0.5Sr0.3Na0.2MnO3
P b n m,Pr0.5 Sr0.2 Na0.3 Mn O3,293.0,0.101325,orthorhombic,Pr0.5Sr0.2Na0.3MnO3
P b c a,Ca2 (Mg1.676 Mn0.324) B4 O10,296.0,0.101325,orthorhombic,Ca2(Mg1.676Mn0.324)B4O10
P n m a,La0.6 Pr0.1 Ca0.3 Mn O3,293.0,0.101325,orthorhombic,La0.6Pr0.1Ca0.3MnO3
P n n m,Ba2 Mn (Se O3)2 Cl2,298.0,0.101325,orthorhombic,Ba2Mn(SeO3)2Cl2
P n m a,La0.7 Pr0.3 Mn0.8 Co0.2 O3,293.0,0.101325,orthorhombic,La0.7Pr0.3Mn0.8Co0.2O3
P n m a,(Zn3 Mn0.8) ((V0.5 Mo0.5) O4)3,300.0,0.101325,orthorhombic,(Zn3Mn0.8)((V0.5Mo0.5)O4)3
P c c a,K1.50 Na0.50 Mn2 (Mo O4)3,296.0,0.101325,orthorhombic,K1.50Na0.50Mn2(MoO4)3
A 21 a m,La Bi2 Nb1.5 Mn0.5 O9,295.0,0.101325,orthorhombic,LaBi2Nb1.5Mn0.5O9
P n m a,Sm0.5 Y0.5 Fe0.58 Mn0.42 O3,298.0,0.101325,orthorhombic,Sm0.5Y0.5Fe0.58Mn0.42O3
P m m n Z,Dy2 Cu Zn Mn4 O12,295.0,0.101325,orthorhombic,Dy2CuZnMn4O12
P n m a,(La0.57 Pr0.1  Sr0.33) Mn O3,293.0,0.101325,orthorhombic,(La0.57Pr0.1Sr0.33)MnO3
P n m a,(Sr1.3 La0.7) (Mn Ir) O6,298.0,0.101325,orthorhombic,(Sr1.3La0.7)(MnIr)O6
P n m a,(La0.556 Ca0.444) ((Mn0.581 Ru0.419) O3),300.0,0.101325,orthorhombic,(La0.556Ca0.444)((Mn0.581Ru0.419)O3)
P n m a,(La0.54 Ba0.46) ((Mn0.524 Ru0.476) O3),300.0,0.101325,orthorhombic,(La0.54Ba0.46)((Mn0.524Ru0.476)O3)
P n m a,(Pr0.625 Sr0.178 Ca0.197) (Mn O3),293.0,0.101325,orthorhombic,(Pr0.625Sr0.178Ca0.197)(MnO3)
P n m a,(Nd0.625 Sr0.255 Ca0.120) (Mn O3),293.0,0.101325,orthorhombic,(Nd0.625Sr0.255Ca0.120)(MnO3)
P n m a,(Sm0.504 Nd0.121 Sr0.375) (Mn O3),293.0,0.101325,orthorhombic,(Sm0.504Nd0.121Sr0.375)(MnO3)
P b n m,Ca La (Mn Fe O6),293.0,0.101325,orthorhombic,CaLa(MnFeO6)
P n m a,(Ca La) (Mn Sn O6),293.0,0.101325,orthorhombic,(CaLa)(MnSnO6)
P n m a,(Ca Sm) (Mn Sn O6),293.0,0.101325,orthorhombic,(CaSm)(MnSnO6)
P n m a,(Ca Dy) (Mn Sn O6),293.0,0.101325,orthorhombic,(CaDy)(MnSnO6)
P 21 21 21,Ag4 Mn2 Zr (Mo O4)6,293.0,0.101325,orthorhombic,Ag4Mn2Zr(MoO4)6
P n m a,Ca2 Mn (Ga0.5 Al0.5) O5,293.0,0.101325,orthorhombic,Ca2Mn(Ga0.5Al0.5)O5
P n m a,(Ca0.5 La0.5) (Mn0.5 Ti0.5) O3,293.0,0.101325,orthorhombic,(Ca0.5La0.5)(Mn0.5Ti0.5)O3
P n m a,(Ca0.5 Nd0.5) (Mn0.5 Ti0.5) O3,293.0,0.101325,orthorhombic,(Ca0.5Nd0.5)(Mn0.5Ti0.5)O3
P n m a,(Ca0.5 Eu0.5) (Mn0.5 Ti0.5) O3,293.0,0.101325,orthorhombic,(Ca0.5Eu0.5)(Mn0.5Ti0.5)O3
P n m a,(Ca0.67 Y0.33) (Mn0.33 Ti0.67) O3,293.0,0.101325,orthorhombic,(Ca0.67Y0.33)(Mn0.33Ti0.67)O3
P n m a,(Ca0.67 Gd0.33) (Mn0.33 Ti0.67) O3,293.0,0.101325,orthorhombic,(Ca0.67Gd0.33)(Mn0.33Ti0.67)O3
P n m a,(Ca0.67 Dy0.33) (Mn0.33 Ti0.67) O3,293.0,0.101325,orthorhombic,(Ca0.67Dy0.33)(Mn0.33Ti0.67)O3
P n m a,(Ca0.67 Ho0.33) (Mn0.33 Ti0.67) O3,293.0,0.101325,orthorhombic,(Ca0.67Ho0.33)(Mn0.33Ti0.67)O3
P n m a,(Ca0.67 Yb0.33) (Mn0.33 Ti0.67) O3,293.0,0.101325,orthorhombic,(Ca0.67Yb0.33)(Mn0.33Ti0.67)O3
P n m a,(Ca1.5 La0.5) (Mn Ir O6),293.0,0.101325,orthorhombic,(Ca1.5La0.5)(MnIrO6)
P n m a,(Ca1.7 La0.3) (Mn Ir O6),293.0,0.101325,orthorhombic,(Ca1.7La0.3)(MnIrO6)
P n m a,(Ca1.9 La0.1) (Mn Ir O6),293.0,0.101325,orthorhombic,(Ca1.9La0.1)(MnIrO6)
I m m a,(La0.4 Ce0.3 Ba0.3) (Mn O3),293.0,0.101325,orthorhombic,(La0.4Ce0.3Ba0.3)(MnO3)
P b n m,((Pr0.5 Bi0.1) Sr0.4) (Mn O3),293.0,0.101325,orthorhombic,((Pr0.5Bi0.1)Sr0.4)(MnO3)
P b n m,((Pr0.4 Bi0.2) Sr0.4) (Mn O3),293.0,0.101325,orthorhombic,((Pr0.4Bi0.2)Sr0.4)(MnO3)
P b n m,((Pr0.3 Bi0.3) Sr0.4) (Mn O3),293.0,0.101325,orthorhombic,((Pr0.3Bi0.3)Sr0.4)(MnO3)
P b n m,((Pr0.2 Bi0.4) Sr0.4) (Mn O3),293.0,0.101325,orthorhombic,((Pr0.2Bi0.4)Sr0.4)(MnO3)
P b n m,(Pr0.6 Sr0.4) (Mn0.95 Bi0.05) O3,300.0,0.101325,orthorhombic,(Pr0.6Sr0.4)(Mn0.95Bi0.05)O3
P b n m,(Pr0.6 Sr0.4) (Mn0.9 Bi0.1) O3,300.0,0.101325,orthorhombic,(Pr0.6Sr0.4)(Mn0.9Bi0.1)O3
P b n m,(Pr0.9 (Na0.8 K0.2)0.1) (Mn O3),293.0,0.101325,orthorhombic,(Pr0.9(Na0.8K0.2)0.1)(MnO3)
P b n m,(Pr0.9 (Na0.6 K0.4)0.1) (Mn O3),293.0,0.101325,orthorhombic,(Pr0.9(Na0.6K0.4)0.1)(MnO3)
P b n m,(Pr0.9 (Na0.4 K0.6)0.1) (Mn O3),293.0,0.101325,orthorhombic,(Pr0.9(Na0.4K0.6)0.1)(MnO3)
P b n m,(Pr0.9 (Na0.2 K0.8)0.1) (Mn O3),293.0,0.101325,orthorhombic,(Pr0.9(Na0.2K0.8)0.1)(MnO3)
P n m a,(La0.604 Ca0.396) ((Mn0.9 Co0.1) O3),293.0,0.101325,orthorhombic,(La0.604Ca0.396)((Mn0.9Co0.1)O3)
P n m a,(La0.65 Ca0.35) ((Mn0.3 Co0.7) O3),293.0,0.101325,orthorhombic,(La0.65Ca0.35)((Mn0.3Co0.7)O3)
P n m a,(La0.6 Ca0.4) ((Mn0.1 Co0.9) O3),293.0,0.101325,orthorhombic,(La0.6Ca0.4)((Mn0.1Co0.9)O3)
P n m a,(Sr0.5 Ca0.5) (Mn0.5 Ru0.5) O3,298.0,0.101325,orthorhombic,(Sr0.5Ca0.5)(Mn0.5Ru0.5)O3
P m c 21,Ba6 Mn4 Si12 O34 Cl3,295.0,0.101325,orthorhombic,Ba6Mn4Si12O34Cl3
P b c n,(Fe0.263 Nb0.633 Mn0.07 Ta0.034) O2,293.0,0.101325,orthorhombic,(Fe0.263Nb0.633Mn0.07Ta0.034)O2
P b c n,(Fe0.264 Nb0.633 Mn0.07 Ta0.034) O2,293.0,0.101325,orthorhombic,(Fe0.264Nb0.633Mn0.07Ta0.034)O2
P b c n,(Fe0.264 Mn0.07 Nb0.633 Ta0.033) O2,293.0,0.101325,orthorhombic,(Fe0.264Mn0.07Nb0.633Ta0.033)O2
P b c n,Fe0.264 Mn0.07 Nb0.633 Ta0.034 O2,293.0,0.101325,orthorhombic,Fe0.264Mn0.07Nb0.633Ta0.034O2
P b c n,Fe0.79 Mn0.209 Nb1.901 Ta0.1 O6,293.0,0.101325,orthorhombic,Fe0.79Mn0.209Nb1.901Ta0.1O6
P b c n,Fe0.791 Mn0.209 Nb1.9 Ta0.1 O6,293.0,0.101325,orthorhombic,Fe0.791Mn0.209Nb1.9Ta0.1O6
P b c n,Fe0.791 Mn0.209 Nb1.898 Ta0.102 O6,293.0,0.101325,orthorhombic,Fe0.791Mn0.209Nb1.898Ta0.102O6
P m n 21,Li2 (Cd0.99 Mn0.01) (Ge O4),300.0,0.101325,orthorhombic,Li2(Cd0.99Mn0.01)(GeO4)
P m n 21,Li2 (Cd0.85 Mn0.15) (Ge O4),300.0,0.101325,orthorhombic,Li2(Cd0.85Mn0.15)(GeO4)
P m n 21,Li2 (Cd0.9 Mn0.1) (Ge O4),300.0,0.101325,orthorhombic,Li2(Cd0.9Mn0.1)(GeO4)
P m n 21,Li2 (Cd0.8 Mn0.2) (Ge O4),300.0,0.101325,orthorhombic,Li2(Cd0.8Mn0.2)(GeO4)
P m n 21,Li2 (Cd0.98 Mn0.02) (Ge O4),300.0,0.101325,orthorhombic,Li2(Cd0.98Mn0.02)(GeO4)
P m n 21,Li2 (Cd0.75 Mn0.25) (Ge O4),300.0,0.101325,orthorhombic,Li2(Cd0.75Mn0.25)(GeO4)
P m n 21,Li2 (Cd0.7 Mn0.3) (Ge O4),300.0,0.101325,orthorhombic,Li2(Cd0.7Mn0.3)(GeO4)
P m n 21,Li2 (Cd0.95 Mn0.05) (Ge O4),300.0,0.101325,orthorhombic,Li2(Cd0.95Mn0.05)(GeO4)
A 21 a m,Sr2.9 La0.1 (Sn1.9 Mn0.1) O7,293.0,0.101325,orthorhombic,Sr2.9La0.1(Sn1.9Mn0.1)O7
P n m a,(La Sr) (Mn Sn) O6,293.0,0.101325,orthorhombic,(LaSr)(MnSn)O6
I m m a,(La Ba) (Mn Sn) O6,293.0,0.101325,orthorhombic,(LaBa)(MnSn)O6
P n m a,(Mg1.30 Mn0.70) Mg5 Si8 O22 (O H)2,298.0,0.101325,orthorhombic,(Mg1.30Mn0.70)Mg5Si8O22(OH)2
P n m a,(Mg1.30 Mn0.70) Mg5 Si8 O22 (O H)2,303.0,0.101325,orthorhombic,(Mg1.30Mn0.70)Mg5Si8O22(OH)2
I m m a,(Bi0.77 Sm0.23) ((Fe0.65 Mn0.35) O3),293.0,0.101325,orthorhombic,(Bi0.77Sm0.23)((Fe0.65Mn0.35)O3)
I m m a,(Bi0.93 Sm0.07) ((Fe0.76 Mn0.24) O3),293.0,0.101325,orthorhombic,(Bi0.93Sm0.07)((Fe0.76Mn0.24)O3)
P m n 21,Li1.98 Fe0.82 Mn0.2 (Si O4),298.0,0.101325,orthorhombic,Li1.98Fe0.82Mn0.2(SiO4)
P m n b,Li2 Fe0.79 Mn0.21 (Si O4),298.0,0.101325,orthorhombic,Li2Fe0.79Mn0.21(SiO4)
P m n 21,Li2 Fe0.53 Mn0.47 (Si O4),298.0,0.101325,orthorhombic,Li2Fe0.53Mn0.47(SiO4)
P m n b,Li1.86 Fe0.58 Mn0.56 (Si O4),298.0,0.101325,orthorhombic,Li1.86Fe0.58Mn0.56(SiO4)
B m a b,(Sm1.5 Sr0.5) (Ni0.97 Mn0.03) O4,293.0,0.101325,orthorhombic,(Sm1.5Sr0.5)(Ni0.97Mn0.03)O4
B m a b,(Sm1.5 Sr0.5) (Ni0.95 Mn0.05) O4,293.0,0.101325,orthorhombic,(Sm1.5Sr0.5)(Ni0.95Mn0.05)O4
B m a b,(Sm1.5 Sr0.5) (Ni0.9 Mn0.1) O4,293.0,0.101325,orthorhombic,(Sm1.5Sr0.5)(Ni0.9Mn0.1)O4
P c m 21,Ca2 (Ca0.5 Sr0.5) Ga Mn2 O8,275.0,0.101325,orthorhombic,Ca2(Ca0.5Sr0.5)GaMn2O8
P n m a,(La0.7 Ca0.3) ((Mn0.85 Cr0.15) O3),293.0,0.101325,orthorhombic,(La0.7Ca0.3)((Mn0.85Cr0.15)O3)
P n m a,(La0.7 Ca0.3) ((Mn0.5 Cr0.5) O3),293.0,0.101325,orthorhombic,(La0.7Ca0.3)((Mn0.5Cr0.5)O3)
P n m a,(La0.7 Ca0.3) ((Mn0.3 Cr0.7) O3),293.0,0.101325,orthorhombic,(La0.7Ca0.3)((Mn0.3Cr0.7)O3)
I m m a,(Bi0.82 La0.18) ((Fe0.6 Mn0.4) O3),293.0,0.101325,orthorhombic,(Bi0.82La0.18)((Fe0.6Mn0.4)O3)
P n m a,(Bi0.6 La0.4) ((Fe0.6 Mn0.4) O3),293.0,0.101325,orthorhombic,(Bi0.6La0.4)((Fe0.6Mn0.4)O3)
P b n m,(La0.5 Sr0.5) ((Mn0.5 Ti0.5) O3),298.0,0.101325,orthorhombic,(La0.5Sr0.5)((Mn0.5Ti0.5)O3)
P b n m,(La0.5 Sr0.5) ((Mn0.5 Ti0.5) O2.85),298.0,0.101325,orthorhombic,(La0.5Sr0.5)((Mn0.5Ti0.5)O2.85)
P n m a,(Pr0.6 Sr0.4) ((Mn0.92 Ti0.10) O3),293.0,0.101325,orthorhombic,(Pr0.6Sr0.4)((Mn0.92Ti0.10)O3)
P n m a,(Pr0.6 Sr0.4) ((Mn0.8 Ti0.2) O3),293.0,0.101325,orthorhombic,(Pr0.6Sr0.4)((Mn0.8Ti0.2)O3)
P n m a,(Pr0.6 Sr0.4) ((Mn0.7 Ti0.3) O3),293.0,0.101325,orthorhombic,(Pr0.6Sr0.4)((Mn0.7Ti0.3)O3)
P n m a,(Pr0.6 Sr0.4) ((Mn0.6 Ti0.4) O3),293.0,0.101325,orthorhombic,(Pr0.6Sr0.4)((Mn0.6Ti0.4)O3)
P c m 21,Ca2.5 Sr0.5 Ga Mn2 O8,290.0,0.101325,orthorhombic,Ca2.5Sr0.5GaMn2O8
P b n m,(Sr0.5 Ca0.5) (Ti0.5 Mn0.5) O3,293.0,0.101325,orthorhombic,(Sr0.5Ca0.5)(Ti0.5Mn0.5)O3
P b n m,(Sr0.4 Ca0.6) (Ti0.5 Mn0.5) O3,293.0,0.101325,orthorhombic,(Sr0.4Ca0.6)(Ti0.5Mn0.5)O3
P b n m,(Sr0.3 Ca0.7) (Ti0.5 Mn0.5) O3,293.0,0.101325,orthorhombic,(Sr0.3Ca0.7)(Ti0.5Mn0.5)O3
P b n m,(Sr0.2 Ca0.8) (Ti0.5 Mn0.5) O3,293.0,0.101325,orthorhombic,(Sr0.2Ca0.8)(Ti0.5Mn0.5)O3
P b n m,(Sr0.1 Ca0.9) (Ti0.5 Mn0.5) O3,293.0,0.101325,orthorhombic,(Sr0.1Ca0.9)(Ti0.5Mn0.5)O3
P b n m,(La0.95 Sr0.05) (Ga0.95 Mn0.05) O3,303.0,0.101325,orthorhombic,(La0.95Sr0.05)(Ga0.95Mn0.05)O3
P b n m,(Pr0.6 Ca0.1 Sr0.3) (Mn O3),293.0,0.101325,orthorhombic,(Pr0.6Ca0.1Sr0.3)(MnO3)
P n m a,(Pr0.5 Ca0.5) ((Mn0.97 Ga0.03) O3),300.0,0.101325,orthorhombic,(Pr0.5Ca0.5)((Mn0.97Ga0.03)O3)
P n m a,(La0.6 Pr0.1 Ba0.3) (Mn O3),293.0,0.101325,orthorhombic,(La0.6Pr0.1Ba0.3)(MnO3)
P n m a,(Ca Sr) ((Ti Mn) O6),293.0,0.101325,orthorhombic,(CaSr)((TiMn)O6)
P m m m,Y1.14 Ba1.86 (Fe1.96 Mn1.04) O8,293.0,0.101325,orthorhombic,Y1.14Ba1.86(Fe1.96Mn1.04)O8
P 21 n m,(Bi0.6 Ca0.4) (Mn0.9 Ru0.1) O3,300.0,0.101325,orthorhombic,(Bi0.6Ca0.4)(Mn0.9Ru0.1)O3
P 21 n m,(Bi0.6 Ca0.4) (Mn0.8 Ru0.2) O3,300.0,0.101325,orthorhombic,(Bi0.6Ca0.4)(Mn0.8Ru0.2)O3
C m c m,Bi9 (Mn0.8 Pb0.2) O12 Cl5,293.0,0.101325,orthorhombic,Bi9(Mn0.8Pb0.2)O12Cl5
P b c a,Mg1.562 Mn0.175 Co0.263 (Si2 O6),293.0,0.101325,orthorhombic,Mg1.562Mn0.175Co0.263(Si2O6)
P n n m,(Mg1.423 Mn1.306 Fe0.22) O2 (B O3),293.0,0.101325,orthorhombic,(Mg1.423Mn1.306Fe0.22)O2(BO3)
P b c m,Cs Mn (V O3)3 (H2 O),293.0,0.101325,orthorhombic,CsMn(VO3)3(H2O)
P n m a,K2 Mn3 (Mo O4)3 (O H)2,298.0,0.101325,orthorhombic,K2Mn3(MoO4)3(OH)2
P n m a,Rb2 Mn3 (Mo O4)3 (O H)2,298.0,0.101325,orthorhombic,Rb2Mn3(MoO4)3(OH)2
F m m m,Mn V2 F8 (H2 O)2,299.6,0.101325,orthorhombic,MnV2F8(H2O)2
P n m a,La0.67 Sr0.22 Ba0.11 Mn O3,293.0,0.101325,orthorhombic,La0.67Sr0.22Ba0.11MnO3
P n m a,La1.9 Bi0.1 Co Mn O6,293.0,0.101325,orthorhombic,La1.9Bi0.1CoMnO6
P n m a,La1.8 Bi0.2 Co Mn O6,293.0,0.101325,orthorhombic,La1.8Bi0.2CoMnO6
P n m a,La1.7 Bi0.3 Co Mn O6,293.0,0.101325,orthorhombic,La1.7Bi0.3CoMnO6
P 2 a n,Bi6 Mn Ti2 O14 Cl,293.0,0.101325,orthorhombic,Bi6MnTi2O14Cl
B 2 c b,(Ce1.56 La0.44) Mn O2 Se2,293.0,0.101325,orthorhombic,(Ce1.56La0.44)MnO2Se2
B m a b,(Ce1.56 La0.44) Mn O2 Se2,293.0,0.101325,orthorhombic,(Ce1.56La0.44)MnO2Se2
P c c a,Cs (Mn Cl3 (H2 O)2),293.0,0.101325,orthorhombic,Cs(MnCl3(H2O)2)
I m m a,Mn (Ga F5) (H2 O)2,293.0,0.101325,orthorhombic,Mn(GaF5)(H2O)2
I b m 2,Ca2 (Fe0.9 Mn0.1 Al) O5,293.0,0.101325,orthorhombic,Ca2(Fe0.9Mn0.1Al)O5
I b m 2,Ca2 (Fe0.8 Mn0.2 Al) O5,293.0,0.101325,orthorhombic,Ca2(Fe0.8Mn0.2Al)O5
I b m 2,Ca2 (Fe0.7 Mn0.3 Al) O5,293.0,0.101325,orthorhombic,Ca2(Fe0.7Mn0.3Al)O5
I b m 2,Ca2 (Fe0.5 Mn0.5 Al) O5,293.0,0.101325,orthorhombic,Ca2(Fe0.5Mn0.5Al)O5
I b m 2,Ca2 (Fe0.3 Mn0.7 Al) O5,293.0,0.101325,orthorhombic,Ca2(Fe0.3Mn0.7Al)O5
P b n m,(Ca0.5 La0.5) (Ti0.5 Mn0.5) O3,293.0,0.101325,orthorhombic,(Ca0.5La0.5)(Ti0.5Mn0.5)O3
P m c 21,Mn (Mo O3) (Se O3) (H2 O),293.0,0.101325,orthorhombic,Mn(MoO3)(SeO3)(H2O)
B m a b,Ce2 O2 (Zn0.167 Mn0.833) Se2,293.0,0.101325,orthorhombic,Ce2O2(Zn0.167Mn0.833)Se2
I m c b,La2 O2 (Zn0.1 Mn0.9) Se2,293.0,0.101325,orthorhombic,La2O2(Zn0.1Mn0.9)Se2
P n m a,(La0.67 Ca0.33) (Mn0.8 Cr0.2) O3,293.0,0.101325,orthorhombic,(La0.67Ca0.33)(Mn0.8Cr0.2)O3
P n m a,(Y0.25 Mn0.75) (Al0.25 Ti0.75) O3,293.0,0.101325,orthorhombic,(Y0.25Mn0.75)(Al0.25Ti0.75)O3
C m m m,Ba7 Mn8 O2 (V O4)2 F23,298.0,0.101325,orthorhombic,Ba7Mn8O2(VO4)2F23
P b n m,Pr0.5 Ce0.1 Sr0.4 (Mn O3),293.0,0.101325,orthorhombic,Pr0.5Ce0.1Sr0.4(MnO3)
P b n m,Pr0.5 Eu0.1 Sr0.4 (Mn O3),293.0,0.101325,orthorhombic,Pr0.5Eu0.1Sr0.4(MnO3)
P b n m,Pr0.5 Y0.1 Sr0.4 (Mn O3),293.0,0.101325,orthorhombic,Pr0.5Y0.1Sr0.4(MnO3)
P n m a,La2.03 Co0.98 Mn0.88 Ru0.11 O6,293.0,0.101325,orthorhombic,La2.03Co0.98Mn0.88Ru0.11O6
P n m a,La1.98 Co1.00 Mn0.82 Ru0.20 O6,293.0,0.101325,orthorhombic,La1.98Co1.00Mn0.82Ru0.20O6
P n m a,La2.02 Co0.98 Mn0.72 Ru0.28 O6,293.0,0.101325,orthorhombic,La2.02Co0.98Mn0.72Ru0.28O6
P n m a,(Bi0.1 La0.9) (Fe0.5 Mn0.5) O3,300.0,0.101325,orthorhombic,(Bi0.1La0.9)(Fe0.5Mn0.5)O3
P n m a,(Bi0.5 La0.5) (Fe0.5 Mn0.5) O3,300.0,0.101325,orthorhombic,(Bi0.5La0.5)(Fe0.5Mn0.5)O3
P n m a,(Bi0.1 Nd0.9) (Fe0.5 Mn0.5) O3,300.0,0.101325,orthorhombic,(Bi0.1Nd0.9)(Fe0.5Mn0.5)O3
P n m a,(Bi0.3 Nd0.7) (Fe0.5 Mn0.5) O3,300.0,0.101325,orthorhombic,(Bi0.3Nd0.7)(Fe0.5Mn0.5)O3
P n m a,(Bi0.5 Nd0.5) (Fe0.5 Mn0.5) O3,300.0,0.101325,orthorhombic,(Bi0.5Nd0.5)(Fe0.5Mn0.5)O3
A m m a,Ca4 Fe2 Mn0.5 Ti0.5 O9,298.0,0.101325,orthorhombic,Ca4Fe2Mn0.5Ti0.5O9
I c m m,Ca Sr Fe1.5 Mn0.48 O5,300.0,0.101325,orthorhombic,CaSrFe1.5Mn0.48O5
I c m m,Ca Sr Fe1.37 Mn0.63 O5,300.0,0.101325,orthorhombic,CaSrFe1.37Mn0.63O5
P n m a,(Ca0.75 Y0.25) (Co0.14 Mn0.86) O2.92,293.0,0.101325,orthorhombic,(Ca0.75Y0.25)(Co0.14Mn0.86)O2.92
A 21 a m,Pb0.8 Bi4.2 Ti3.8 Mn0.2 O15,293.0,0.101325,orthorhombic,Pb0.8Bi4.2Ti3.8Mn0.2O15
A 21 a m,Pb0.6 Bi4.4 Ti3.6 Mn0.4 O15,293.0,0.101325,orthorhombic,Pb0.6Bi4.4Ti3.6Mn0.4O15
A 21 a m,Pb0.4 Bi4.6 Ti3.4 Mn0.6 O15,293.0,0.101325,orthorhombic,Pb0.4Bi4.6Ti3.4Mn0.6O15
P n m a,Ba (Ca0.6 Mn0.4) (V2 O7),293.0,0.101325,orthorhombic,Ba(Ca0.6Mn0.4)(V2O7)
C m m 2,(Cs Cl)2 Mn (V O3)2,293.0,0.101325,orthorhombic,(CsCl)2Mn(VO3)2
C m m 2,(Cs Br)2 Mn (V O3)2,293.0,0.101325,orthorhombic,(CsBr)2Mn(VO3)2
C m m 2,(Rb Cl)2 Mn (V O3)2,293.0,0.101325,orthorhombic,(RbCl)2Mn(VO3)2
P m a 2,(Cs Cl) Mn2 (V2 O7),293.0,0.101325,orthorhombic,(CsCl)Mn2(V2O7)
P n a m,Pb ((Al0.9 Mn0.1) B O4),298.0,0.101325,orthorhombic,Pb((Al0.9Mn0.1)BO4)
P n a m,Pb ((Al0.8 Mn0.2) B O4),298.0,0.101325,orthorhombic,Pb((Al0.8Mn0.2)BO4)
P n a m,Pb ((Al0.7 Mn0.3) B O4),298.0,0.101325,orthorhombic,Pb((Al0.7Mn0.3)BO4)
P n a m,Pb ((Al0.6 Mn0.4) B O4),298.0,0.101325,orthorhombic,Pb((Al0.6Mn0.4)BO4)
P n a m,Pb Al0.5 Mn0.5 B O4,298.0,0.101325,orthorhombic,PbAl0.5Mn0.5BO4
P n a m,Pb ((Al0.4 Mn0.6) B O4),298.0,0.101325,orthorhombic,Pb((Al0.4Mn0.6)BO4)
P n a m,Pb ((Al0.3 Mn0.7) B O4),298.0,0.101325,orthorhombic,Pb((Al0.3Mn0.7)BO4)
P n a m,Pb ((Al0.2 Mn0.8) B O4),298.0,0.101325,orthorhombic,Pb((Al0.2Mn0.8)BO4)
P n a m,Pb ((Al0.1 Mn0.9) B O4),298.0,0.101325,orthorhombic,Pb((Al0.1Mn0.9)BO4)
P n m a,(Pb1.262 Ba0.738) (Fe1.026 Mn0.974) O5,293.0,0.101325,orthorhombic,(Pb1.262Ba0.738)(Fe1.026Mn0.974)O5
P b c n,Cs2 Mn2 V2 O7 F2,293.0,0.101325,orthorhombic,Cs2Mn2V2O7F2
P b c n,Rb2 Mn2 V2 O7 F2,293.0,0.101325,orthorhombic,Rb2Mn2V2O7F2
C m m 2,Cs3 Mn (V O3)4 Cl,298.0,0.101325,orthorhombic,Cs3Mn(VO3)4Cl
P b c a,Cs2 Mn (V O3)3 F,298.0,0.101325,orthorhombic,Cs2Mn(VO3)3F
P n a m,Pb (Al0.52 Mn0.48) (B O4),298.0,0.101325,orthorhombic,Pb(Al0.52Mn0.48)(BO4)
P c c a,Cs Mn Cl3 (H2 O)2,300.0,0.101325,orthorhombic,CsMnCl3(H2O)2
C m m m,Cs2 Mn F5 (H2 O),293.0,0.101325,orthorhombic,Cs2MnF5(H2O)
P b n m,(La0.67 Ba0.33) (Mn0.85 Fe0.15) O3,293.0,0.101325,orthorhombic,(La0.67Ba0.33)(Mn0.85Fe0.15)O3
P b a m,Ca2 Mn2 (O H)4 (B4 O7 (O H)2),293.0,0.101325,orthorhombic,Ca2Mn2(OH)4(B4O7(OH)2)
P n m a,(La0.4 Pr0.6)0.625 Ca0.375 Mn O3,293.0,0.101325,orthorhombic,(La0.4Pr0.6)0.625Ca0.375MnO3
P n m a,(La0.4 Pr0.6)0.667 Ca0.333 Mn O3,293.0,0.101325,orthorhombic,(La0.4Pr0.6)0.667Ca0.333MnO3
P n m a,(La0.665 Pr0.035 Ba0.3) (Mn O3),293.0,0.101325,orthorhombic,(La0.665Pr0.035Ba0.3)(MnO3)
P n m a,(La0.595 Pr0.105 Ba0.3) (Mn O3),293.0,0.101325,orthorhombic,(La0.595Pr0.105Ba0.3)(MnO3)
P n m a,(La0.65 Ca0.35) (Mn0.95 Ni0.05) O3,293.0,0.101325,orthorhombic,(La0.65Ca0.35)(Mn0.95Ni0.05)O3
P n m a,(La0.65 Ca0.35) (Mn0.9 Ni0.1) O3,293.0,0.101325,orthorhombic,(La0.65Ca0.35)(Mn0.9Ni0.1)O3
P n m a,(La0.65 Ca0.35) (Mn0.85 Ni0.15) O3,293.0,0.101325,orthorhombic,(La0.65Ca0.35)(Mn0.85Ni0.15)O3
P m m m,Nd Ba Mn1.8 Ti0.2 O6,293.0,0.101325,orthorhombic,NdBaMn1.8Ti0.2O6
P b n m,La0.67 Ca0.29 Sr0.04 Mn O3,293.0,0.101325,orthorhombic,La0.67Ca0.29Sr0.04MnO3
P n n m,Mg2 Mn5 O (O H)8 Si2 O6,293.0,0.101325,orthorhombic,Mg2Mn5O(OH)8Si2O6
P n m a,La0.95 Ba0.05 Mn0.95 Ti0.05 O3,293.0,0.101325,orthorhombic,La0.95Ba0.05Mn0.95Ti0.05O3
P n m a,La0.90 Ba0.10 Mn0.90 Ti0.10 O3,293.0,0.101325,orthorhombic,La0.90Ba0.10Mn0.90Ti0.10O3
P n m a,La0.875 Ba0.125 Mn0.875 Ti0.125 O3,293.0,0.101325,orthorhombic,La0.875Ba0.125Mn0.875Ti0.125O3
A m a m,La0.866 (Ca0.877 Sr0.19)2 Mn2.126 O6.393,293.0,0.101325,orthorhombic,La0.866(Ca0.877Sr0.19)2Mn2.126O6.393
P b n m,(Sm0.32 Pr0.18 Sr0.5) Mn O3,300.0,0.101325,orthorhombic,(Sm0.32Pr0.18Sr0.5)MnO3
I m m 2,K2 Mn2 Zn4 Si4 O15,293.0,0.101325,orthorhombic,K2Mn2Zn4Si4O15
P c c a,Rb (Mn Cl3) (H2 O)2,293.0,0.101325,orthorhombic,Rb(MnCl3)(H2O)2
P n m a,Pr0.75 Na0.25 Mn0.75 Ni0.25 O3,293.0,0.101325,orthorhombic,Pr0.75Na0.25Mn0.75Ni0.25O3
P n m a,(Pr0.75 Na0.25 Mn0.5 Ni0.5 O3)1.3333,293.0,0.101325,orthorhombic,(Pr0.75Na0.25Mn0.5Ni0.5O3)1.3333
P n m a,Bi0.85 Ca0.15 Fe0.5 Mn0.5 O3,300.0,0.101325,orthorhombic,Bi0.85Ca0.15Fe0.5Mn0.5O3
P m n 21,Li1.976 Mg Mn0.006 Ge1.018 O4,293.0,0.101325,orthorhombic,Li1.976MgMn0.006Ge1.018O4
P m n 21,Li1.978 Mg Mn0.022 Ge O4,293.0,0.101325,orthorhombic,Li1.978MgMn0.022GeO4
P m n 21,Li1.976 Mg Mn0.024 Ge O4,293.0,0.101325,orthorhombic,Li1.976MgMn0.024GeO4
C c c a Z,Mn Al2 (Si O3)2 (O H)4,293.0,0.101325,orthorhombic,MnAl2(SiO3)2(OH)4
P b n m,Fe1.84 Mg0.08 Mn0.08 (Si O4),293.0,0.101325,orthorhombic,Fe1.84Mg0.08Mn0.08(SiO4)
P n n m,(Mg3.44 Mn10.56) O2 (Si4 O12)1.33 (O H)13.33,293.0,0.101325,orthorhombic,(Mg3.44Mn10.56)O2(Si4O12)1.33(OH)13.33
P n m a,(Bi0.85 Ca0.15) (Fe0.55 Mn0.45) O3,300.0,0.101325,orthorhombic,(Bi0.85Ca0.15)(Fe0.55Mn0.45)O3
P n m a,(La0.53 Ca0.47) (Mn0.5 Cr0.5) O3,293.0,0.101325,orthorhombic,(La0.53Ca0.47)(Mn0.5Cr0.5)O3
P n m a,Pr0.45 Ca0.55 Mn0.95 V0.05 O3,293.0,0.101325,orthorhombic,Pr0.45Ca0.55Mn0.95V0.05O3
P n m a,Pr0.45 Ca0.55 Mn0.9 V0.1 O3,293.0,0.101325,orthorhombic,Pr0.45Ca0.55Mn0.9V0.1O3
P n m a,(Pr0.7 Ca0.3) ((Mn0.9 Fe0.1) O3),293.0,0.101325,orthorhombic,(Pr0.7Ca0.3)((Mn0.9Fe0.1)O3)
P n m a,(La0.66 Ca0.33 Y0.01) (Mn O3),298.0,0.101325,orthorhombic,(La0.66Ca0.33Y0.01)(MnO3)
P n m a,(La0.65 Ca0.33 Y0.02) (Mn O3),298.0,0.101325,orthorhombic,(La0.65Ca0.33Y0.02)(MnO3)
P n m a,(La0.64 Ca0.33 Y0.03) (Mn O3),298.0,0.101325,orthorhombic,(La0.64Ca0.33Y0.03)(MnO3)
P n m a,(La0.62 Ca0.33 Y0.05) (Mn O3),298.0,0.101325,orthorhombic,(La0.62Ca0.33Y0.05)(MnO3)
P n m a,(La0.59 Ca0.33 Y0.08) (Mn O3),298.0,0.101325,orthorhombic,(La0.59Ca0.33Y0.08)(MnO3)
P n m a,(La0.57 Ca0.33 Y0.1) (Mn O3),298.0,0.101325,orthorhombic,(La0.57Ca0.33Y0.1)(MnO3)
P n m a,(La0.52 Ca0.33 Y0.15) (Mn O3),298.0,0.101325,orthorhombic,(La0.52Ca0.33Y0.15)(MnO3)
P n m a,(La0.47 Ca0.33 Y0.2) (Mn O3),298.0,0.101325,orthorhombic,(La0.47Ca0.33Y0.2)(MnO3)
P n m a,(La0.42 Ca0.33 Y0.25) (Mn O3),298.0,0.101325,orthorhombic,(La0.42Ca0.33Y0.25)(MnO3)
P n m a,(La0.37 Ca0.33 Y0.3) (Mn O3),298.0,0.101325,orthorhombic,(La0.37Ca0.33Y0.3)(MnO3)
P b n m,(La0.57 Nd0.1 Ca0.33) (Mn O3),293.0,0.101325,orthorhombic,(La0.57Nd0.1Ca0.33)(MnO3)
P b n m,(La0.47 Nd0.2 Ca0.33) (Mn O3),293.0,0.101325,orthorhombic,(La0.47Nd0.2Ca0.33)(MnO3)
P b n m,(La0.335 Nd0.335 Ca0.33) (Mn O3),293.0,0.101325,orthorhombic,(La0.335Nd0.335Ca0.33)(MnO3)
P b n m,(La0.17 Nd0.5 Ca0.33) (Mn O3),293.0,0.101325,orthorhombic,(La0.17Nd0.5Ca0.33)(MnO3)
P b a m,Mn (H2 O)6 Zn Br4,293.0,0.101325,orthorhombic,Mn(H2O)6ZnBr4
P n m a,(Nd0.5 Sm0.5)0.5 Sr0.5 Mn O3,293.0,0.101325,orthorhombic,(Nd0.5Sm0.5)0.5Sr0.5MnO3
C m m 2,Cs2 (Mn F5) (H2 O),293.0,0.101325,orthorhombic,Cs2(MnF5)(H2O)
P n m a,La2 Cu0.5 Zn0.5 Mn O6,293.0,0.101325,orthorhombic,La2Cu0.5Zn0.5MnO6
C m c m,Sr Mn2 (Si2 O7) (O H)2 (H2 O),293.0,0.101325,orthorhombic,SrMn2(Si2O7)(OH)2(H2O)
P n c a,Na7 (Mn (H I O6)2 (H2 I O6)) (H2 O)18,293.0,0.101325,orthorhombic,Na7(Mn(HIO6)2(H2IO6))(H2O)18
P n m a,(Nd0.7 Sr0.08 Ca0.22) Mn O3,293.0,0.101325,orthorhombic,(Nd0.7Sr0.08Ca0.22)MnO3
P n m a,Sr La Mn Ru O6,305.0,0.101325,orthorhombic,SrLaMnRuO6
I b m m,(La1.33 Na0.66) (Mn0.66 Ti1.34) O6,300.0,0.101325,orthorhombic,(La1.33Na0.66)(Mn0.66Ti1.34)O6
P b n m,(La0.325 Sr0.65) (Mn O (O1.375 F0.575)),293.0,0.101325,orthorhombic,(La0.325Sr0.65)(MnO(O1.375F0.575))
P b n m,(La0.275 Sr0.65) (Mn O (O1.325 F0.625)),293.0,0.101325,orthorhombic,(La0.275Sr0.65)(MnO(O1.325F0.625))
P b n m,(La0.275 Sr0.7) (Mn O (O1.175 F0.775)),293.0,0.101325,orthorhombic,(La0.275Sr0.7)(MnO(O1.175F0.775))
P b n m,(La0.325 Sr0.65) (Mn O (O F0.95)),293.0,0.101325,orthorhombic,(La0.325Sr0.65)(MnO(OF0.95))
P n m a,(La0.184 Pr0.734 Na0.082) Mn O3,293.0,0.101325,orthorhombic,(La0.184Pr0.734Na0.082)MnO3
P b n m,Nd0.5 Ca0.5 (Mn0.97 Ru0.03) O3,300.0,0.101325,orthorhombic,Nd0.5Ca0.5(Mn0.97Ru0.03)O3
P b n m,Nd0.5 Ca0.5 (Mn0.97 Cr0.03) O3,300.0,0.101325,orthorhombic,Nd0.5Ca0.5(Mn0.97Cr0.03)O3
P b n m,(La0.667 (Ba0.125 Ca0.875)0.333) Mn O3,293.0,0.101325,orthorhombic,(La0.667(Ba0.125Ca0.875)0.333)MnO3
P b n m,(La0.667 (Ba0.25 Ca0.75)0.333) Mn O3,293.0,0.101325,orthorhombic,(La0.667(Ba0.25Ca0.75)0.333)MnO3
C m c m,Rb2 (Mn F5 (H2 O)),293.0,0.101325,orthorhombic,Rb2(MnF5(H2O))
C c c a Z,Mn Al2 (Si2 O6) (O H)4,293.0,0.101325,orthorhombic,MnAl2(Si2O6)(OH)4
A 21 a m,Bi2 La Nb1.5 Mn0.5 O9,300.0,0.101325,orthorhombic,Bi2LaNb1.5Mn0.5O9
P n m a,Mg5 (Mg1.48 Mn0.52) Si8 O22 (O H)2,293.0,0.1,orthorhombic,Mg5(Mg1.48Mn0.52)Si8O22(OH)2
P n m a,(La0.67 Ca0.33) (Mn0.99 Sn0.01) O3,293.0,0.101325,orthorhombic,(La0.67Ca0.33)(Mn0.99Sn0.01)O3
P b n 21,Li2 Co0.9375 Mn0.0625 Si O4,293.0,0.101325,orthorhombic,Li2Co0.9375Mn0.0625SiO4
P n m a,Nd0.75 Ba0.25 Mn0.5 Fe0.5 O3,293.0,0.101325,orthorhombic,Nd0.75Ba0.25Mn0.5Fe0.5O3
C m c m,K0.25 Mn0.95 Ir0.02 O2 (H2 O)0.68,293.0,0.101325,orthorhombic,K0.25Mn0.95Ir0.02O2(H2O)0.68
C m c m,K0.26 Mn0.90 Ir0.06 O2 (H2 O)0.71,293.0,0.101325,orthorhombic,K0.26Mn0.90Ir0.06O2(H2O)0.71
P n m a,(La0.9 Pr0.1) (Mn0.8 Co0.2) O3,293.0,0.101325,orthorhombic,(La0.9Pr0.1)(Mn0.8Co0.2)O3
P b n m,Nd0.67 Sr0.33 Mn0.9 Cr0.1 O3,293.0,0.101325,orthorhombic,Nd0.67Sr0.33Mn0.9Cr0.1O3
P b n m,Nd0.67 Sr0.33 Mn0.9 Fe0.1 O3,293.0,0.101325,orthorhombic,Nd0.67Sr0.33Mn0.9Fe0.1O3
P b n m,Nd0.67 Sr0.33 Mn0.9 Ni0.1 O3,293.0,0.101325,orthorhombic,Nd0.67Sr0.33Mn0.9Ni0.1O3
P n m a,Pr0.67 Ba0.33 Mn0.9 Ru0.1 O3,293.0,0.101325,orthorhombic,Pr0.67Ba0.33Mn0.9Ru0.1O3
P b n m,(La0.5 Pr0.2 Ca0.3) Mn O3,293.0,0.101325,orthorhombic,(La0.5Pr0.2Ca0.3)MnO3
P b n m,(La0.4 Pr0.3 Ca0.3) Mn O3,293.0,0.101325,orthorhombic,(La0.4Pr0.3Ca0.3)MnO3
P b n m,(La0.3 Pr0.4 Ca0.3) Mn O3,293.0,0.101325,orthorhombic,(La0.3Pr0.4Ca0.3)MnO3
P b n m,(La0.2 Pr0.5 Ca0.3) Mn O3,293.0,0.101325,orthorhombic,(La0.2Pr0.5Ca0.3)MnO3
P n m a,Sm0.592 Sr0.408 Mn0.912 Ti0.133 O2.546,293.0,0.101325,orthorhombic,Sm0.592Sr0.408Mn0.912Ti0.133O2.546
P n m a,Sm0.553 Sr0.403 Mn0.855 Ti0.152 O3.096,293.0,0.101325,orthorhombic,Sm0.553Sr0.403Mn0.855Ti0.152O3.096
P b n m,La1.75 Ca0.25 Mn Ti O6,293.0,0.101325,orthorhombic,La1.75Ca0.25MnTiO6
P b a m,(Ni0.5 Cu0.5)2 Mn B O5,295.0,0.101325,orthorhombic,(Ni0.5Cu0.5)2MnBO5
P b n m,(Nd0.5 Ca0.5) ((Mn0.99 Ru0.01) O3),300.0,0.101325,orthorhombic,(Nd0.5Ca0.5)((Mn0.99Ru0.01)O3)
P b n m,(Nd0.5 Ca0.5) ((Mn0.98 Ru0.02) O3),300.0,0.101325,orthorhombic,(Nd0.5Ca0.5)((Mn0.98Ru0.02)O3)
P b n m,(Nd0.5 Ca0.5) ((Mn0.97 Ru0.03) O3),300.0,0.101325,orthorhombic,(Nd0.5Ca0.5)((Mn0.97Ru0.03)O3)
P b n m,(Nd0.5 Ca0.5) ((Mn0.95 Ru0.05) O3.12),300.0,0.101325,orthorhombic,(Nd0.5Ca0.5)((Mn0.95Ru0.05)O3.12)
P b n m,(Nd0.5 Ca0.5) ((Mn0.93 Ru0.07) O3.27),300.0,0.101325,orthorhombic,(Nd0.5Ca0.5)((Mn0.93Ru0.07)O3.27)
P b n m,(Nd0.5 Ca0.5) ((Mn0.92 Ru0.08) O3.27),300.0,0.101325,orthorhombic,(Nd0.5Ca0.5)((Mn0.92Ru0.08)O3.27)
P b n m,(Nd0.5 Ca0.5) ((Mn0.9 Ru0.1) O3.18),300.0,0.101325,orthorhombic,(Nd0.5Ca0.5)((Mn0.9Ru0.1)O3.18)
P b n m,(Nd0.5 Ca0.5) ((Mn0.99 Cr0.01) O3),300.0,0.101325,orthorhombic,(Nd0.5Ca0.5)((Mn0.99Cr0.01)O3)
P b n m,(Nd0.5 Ca0.5) ((Mn0.98 Cr0.02) O3),300.0,0.101325,orthorhombic,(Nd0.5Ca0.5)((Mn0.98Cr0.02)O3)
P b n m,(Nd0.5 Ca0.5) ((Mn0.97 Cr0.03) O3),300.0,0.101325,orthorhombic,(Nd0.5Ca0.5)((Mn0.97Cr0.03)O3)
P b n m,(Nd0.5 Ca0.5) ((Mn0.96 Cr0.04) O3),300.0,0.101325,orthorhombic,(Nd0.5Ca0.5)((Mn0.96Cr0.04)O3)
P b n m,(Nd0.5 Ca0.5) ((Mn0.95 Cr0.05) O3.12),300.0,0.101325,orthorhombic,(Nd0.5Ca0.5)((Mn0.95Cr0.05)O3.12)
P b n m,(Nd0.5 Ca0.5) ((Mn0.93 Cr0.07) O3.15),300.0,0.101325,orthorhombic,(Nd0.5Ca0.5)((Mn0.93Cr0.07)O3.15)
P b n m,(Nd0.5 Ca0.5) ((Mn0.9 Cr0.1) O3.27),300.0,0.101325,orthorhombic,(Nd0.5Ca0.5)((Mn0.9Cr0.1)O3.27)
P b n m,(Nd0.5 Ca0.5) ((Mn0.99 Sc0.01) O3),300.0,0.101325,orthorhombic,(Nd0.5Ca0.5)((Mn0.99Sc0.01)O3)
P b n m,(Nd0.5 Ca0.5) ((Mn0.98 Sc0.02) O3),300.0,0.101325,orthorhombic,(Nd0.5Ca0.5)((Mn0.98Sc0.02)O3)
P b n m,(Nd0.5 Ca0.5) ((Mn0.97 Sc0.03) O3),300.0,0.101325,orthorhombic,(Nd0.5Ca0.5)((Mn0.97Sc0.03)O3)
P b n m,(Nd0.5 Ca0.5) ((Mn0.96 Sc0.04) O3.18),300.0,0.101325,orthorhombic,(Nd0.5Ca0.5)((Mn0.96Sc0.04)O3.18)
P b n m,(Nd0.5 Ca0.5) ((Mn0.95 Sc0.05) O3.21),300.0,0.101325,orthorhombic,(Nd0.5Ca0.5)((Mn0.95Sc0.05)O3.21)
P b n m,(Nd0.5 Ca0.5) ((Mn0.94 Sc0.06) O3.21),300.0,0.101325,orthorhombic,(Nd0.5Ca0.5)((Mn0.94Sc0.06)O3.21)
P b n m,(Nd0.5 Ca0.5) ((Mn0.92 Sc0.08) O3.24),300.0,0.101325,orthorhombic,(Nd0.5Ca0.5)((Mn0.92Sc0.08)O3.24)
P b n m,(Nd0.5 Ca0.5) ((Mn0.9 Sc0.1) O3.48),300.0,0.101325,orthorhombic,(Nd0.5Ca0.5)((Mn0.9Sc0.1)O3.48)
P n m a,(Pr0.55 Ca0.45) ((Mn0.97 Cr0.03) O3),293.0,0.101325,orthorhombic,(Pr0.55Ca0.45)((Mn0.97Cr0.03)O3)
P n m a,(Pr0.55 Ca0.45) ((Mn0.94 Cr0.06) O3),293.0,0.101325,orthorhombic,(Pr0.55Ca0.45)((Mn0.94Cr0.06)O3)
P n m a,La0.67 Ca0.33 ((Mn0.8 Cu0.2) O3),293.0,0.101325,orthorhombic,La0.67Ca0.33((Mn0.8Cu0.2)O3)
P n m a,Bi0.25 Ho0.25 Ca0.5 Mn O3,295.0,0.101325,orthorhombic,Bi0.25Ho0.25Ca0.5MnO3
P n m a,(Pr0.63 Bi0.07 Sr0.3) (Mn O3),293.0,0.101325,orthorhombic,(Pr0.63Bi0.07Sr0.3)(MnO3)
P n m a,(Pr0.63 Sm0.07 Sr0.3) (Mn O3),293.0,0.101325,orthorhombic,(Pr0.63Sm0.07Sr0.3)(MnO3)
P n m a,(La0.63 Ca0.37) (Mn0.97 Ni0.03) O3,293.0,0.101325,orthorhombic,(La0.63Ca0.37)(Mn0.97Ni0.03)O3
P n m a,(La0.63 Ca0.37) (Mn0.92 Ni0.08) O3,293.0,0.101325,orthorhombic,(La0.63Ca0.37)(Mn0.92Ni0.08)O3
P n m a,(La0.63 Ca0.37) (Mn0.92 Cr0.08) O3,293.0,0.101325,orthorhombic,(La0.63Ca0.37)(Mn0.92Cr0.08)O3
P n m a,(La0.5 Ca0.5) (Mn0.92 Ni0.08) O3,293.0,0.101325,orthorhombic,(La0.5Ca0.5)(Mn0.92Ni0.08)O3
P n m a,(La0.5 Ca0.5) (Mn0.92 Cr0.08) O3,293.0,0.101325,orthorhombic,(La0.5Ca0.5)(Mn0.92Cr0.08)O3
P n m a,(La0.25 Ca0.75) (Mn0.92 Cr0.08) O3,293.0,0.101325,orthorhombic,(La0.25Ca0.75)(Mn0.92Cr0.08)O3
P n m a,(Ho0.51 Ca0.49) ((Mn0.99 Cr0.01) O3),293.0,0.101325,orthorhombic,(Ho0.51Ca0.49)((Mn0.99Cr0.01)O3)
P n m a,(Ho0.52 Ca0.48) ((Mn0.98 Cr0.02) O3),293.0,0.101325,orthorhombic,(Ho0.52Ca0.48)((Mn0.98Cr0.02)O3)
P n m a,(Ho0.53 Ca0.47) ((Mn0.97 Cr0.03) O3),293.0,0.101325,orthorhombic,(Ho0.53Ca0.47)((Mn0.97Cr0.03)O3)
P n m a,(Pr0.55 Ca0.45) ((Mn0.97 Cr0.03) O3),300.0,0.101325,orthorhombic,(Pr0.55Ca0.45)((Mn0.97Cr0.03)O3)
P n m a,(Pr0.55 Ca0.45) ((Mn0.94 Cr0.06) O3),300.0,0.101325,orthorhombic,(Pr0.55Ca0.45)((Mn0.94Cr0.06)O3)
P b n m,(Nd0.6 Sr0.33 Eu0.07) (Mn O3),293.0,0.101325,orthorhombic,(Nd0.6Sr0.33Eu0.07)(MnO3)
P b n m,(Nd0.5 Sr0.33 Eu0.17) (Mn O3),293.0,0.101325,orthorhombic,(Nd0.5Sr0.33Eu0.17)(MnO3)
P b n m,(Nd0.4 Sr0.33 Eu0.27) (Mn O3),293.0,0.101325,orthorhombic,(Nd0.4Sr0.33Eu0.27)(MnO3)
P b n m,(Nd0.3 Sr0.33 Eu0.37) (Mn O3),293.0,0.101325,orthorhombic,(Nd0.3Sr0.33Eu0.37)(MnO3)
P b n m,(Nd0.2 Sr0.33 Eu0.47) (Mn O3),293.0,0.101325,orthorhombic,(Nd0.2Sr0.33Eu0.47)(MnO3)
P b n m,(Nd0.1 Sr0.33 Eu0.57) (Mn O3),293.0,0.101325,orthorhombic,(Nd0.1Sr0.33Eu0.57)(MnO3)
P n m a,((Pr0.333 Sm0.667)0.667 Ca0.333) (Mn O3),293.0,0.101325,orthorhombic,((Pr0.333Sm0.667)0.667Ca0.333)(MnO3)
P n m a,((La0.333 Sm0.667)0.667 Ca0.333) (Mn O3),293.0,0.101325,orthorhombic,((La0.333Sm0.667)0.667Ca0.333)(MnO3)
P n m a,(La0.69 Ca0.31) ((Mn0.96 Fe0.04) O3),293.0,0.101325,orthorhombic,(La0.69Ca0.31)((Mn0.96Fe0.04)O3)
P b n m,(Nd0.6 Eu0.07 Sr0.33) (Mn O3),293.0,0.101325,orthorhombic,(Nd0.6Eu0.07Sr0.33)(MnO3)
P b n m,(Nd0.5 Eu0.17 Sr0.33) (Mn O3),293.0,0.101325,orthorhombic,(Nd0.5Eu0.17Sr0.33)(MnO3)
P b n m,(Nd0.4 Eu0.27 Sr0.33) (Mn O3),293.0,0.101325,orthorhombic,(Nd0.4Eu0.27Sr0.33)(MnO3)
P b n m,(Nd0.3 Eu0.37 Sr0.33) (Mn O3),293.0,0.101325,orthorhombic,(Nd0.3Eu0.37Sr0.33)(MnO3)
P b n m,(Nd0.2 Eu0.47 Sr0.33) (Mn O3),293.0,0.101325,orthorhombic,(Nd0.2Eu0.47Sr0.33)(MnO3)
P b n m,(Nd0.1 Eu0.57 Sr0.33) (Mn O3),293.0,0.101325,orthorhombic,(Nd0.1Eu0.57Sr0.33)(MnO3)
P n m a,(La0.7 Ca0.3) ((Cr0.7 Mn0.3) O3),290.0,0.101325,orthorhombic,(La0.7Ca0.3)((Cr0.7Mn0.3)O3)
P n m a,(La0.7 Ca0.3) ((Cr0.5 Mn0.5) O3),290.0,0.101325,orthorhombic,(La0.7Ca0.3)((Cr0.5Mn0.5)O3)
P n m a,(La0.7 Ca0.3) ((Cr0.15 Mn0.85) O3),290.0,0.101325,orthorhombic,(La0.7Ca0.3)((Cr0.15Mn0.85)O3)
P n m a,(La0.5 Ca0.5) ((Mn0.97 Cr0.03) O3),300.0,0.101325,orthorhombic,(La0.5Ca0.5)((Mn0.97Cr0.03)O3)
P n m a,(La0.5 Ca0.5) ((Mn0.92 Cr0.08) O3),300.0,0.101325,orthorhombic,(La0.5Ca0.5)((Mn0.92Cr0.08)O3)
P n m a,(La0.5 Ca0.5) ((Mn0.97 Ni0.03) O3),300.0,0.101325,orthorhombic,(La0.5Ca0.5)((Mn0.97Ni0.03)O3)
P n m a,(La0.5 Ca0.5) ((Mn0.92 Ni0.08) O3),300.0,0.101325,orthorhombic,(La0.5Ca0.5)((Mn0.92Ni0.08)O3)
P m n a,(La0.77 Sr0.23) (Mn0.5 Cu0.5) O3,293.0,0.101325,orthorhombic,(La0.77Sr0.23)(Mn0.5Cu0.5)O3
I m m a,(Bi0.75 La0.25) (Fe O3)0.75 (Mn O3)0.25,293.0,0.101325,orthorhombic,(Bi0.75La0.25)(FeO3)0.75(MnO3)0.25
I m m a,(Bi0.75 La0.25) ((Fe0.75 Mn0.25) O3),290.0,0.101325,orthorhombic,(Bi0.75La0.25)((Fe0.75Mn0.25)O3)
P n m a,(La0.5 Ca0.45 Ba0.05) (Mn O3),300.0,0.101325,orthorhombic,(La0.5Ca0.45Ba0.05)(MnO3)
P n m a,(La0.5 Ca0.4 Ba0.1) (Mn O3),300.0,0.101325,orthorhombic,(La0.5Ca0.4Ba0.1)(MnO3)
P n m a,(La0.5 Ca0.35 Ba0.15) (Mn O3),300.0,0.101325,orthorhombic,(La0.5Ca0.35Ba0.15)(MnO3)
P n m a,(La0.5 Ca0.30 Ba0.20) (Mn O3),300.0,0.101325,orthorhombic,(La0.5Ca0.30Ba0.20)(MnO3)
P n m a,(La0.5 Ca0.20 Ba0.30) (Mn O3),300.0,0.101325,orthorhombic,(La0.5Ca0.20Ba0.30)(MnO3)
P n m a,(La0.5 Ca0.10 Ba0.40) (Mn O3),300.0,0.101325,orthorhombic,(La0.5Ca0.10Ba0.40)(MnO3)
P n m a,(La0.76 Ca0.24) ((Mn0.93 Cr0.07) O3),293.0,0.101325,orthorhombic,(La0.76Ca0.24)((Mn0.93Cr0.07)O3)
P n m a,(Pr0.7 Ca0.2 Sr0.1) (Mn O3),293.0,0.101325,orthorhombic,(Pr0.7Ca0.2Sr0.1)(MnO3)
P n m a,(Pr0.7 Ca0.1 Sr0.2) (Mn O3),293.0,0.101325,orthorhombic,(Pr0.7Ca0.1Sr0.2)(MnO3)
P n m a,(La0.5 Sr0.5) ((Mn0.5 Fe0.5) O3),293.0,0.101325,orthorhombic,(La0.5Sr0.5)((Mn0.5Fe0.5)O3)
P n m a,(La0.5 Sr0.5) ((Mn0.6 Fe0.4) O3),293.0,0.101325,orthorhombic,(La0.5Sr0.5)((Mn0.6Fe0.4)O3)
P n m a,(La0.5 Sr0.5) ((Mn0.7 Fe0.3) O3),293.0,0.101325,orthorhombic,(La0.5Sr0.5)((Mn0.7Fe0.3)O3)
P n m a,(La0.5 Sr0.5) ((Mn0.8 Fe0.2) O3),293.0,0.101325,orthorhombic,(La0.5Sr0.5)((Mn0.8Fe0.2)O3)
P b n m,Sr0.94 La0.94 Mn Ti O6,300.0,0.101325,orthorhombic,Sr0.94La0.94MnTiO6
P b n m,(La0.7 Ca0.2 Ag0.1) (Mn O3),293.0,0.101325,orthorhombic,(La0.7Ca0.2Ag0.1)(MnO3)
P m n 21,Li2 Mg (Ge0.991 Mn0.009) O4,293.0,0.101325,orthorhombic,Li2Mg(Ge0.991Mn0.009)O4
P m n 21,(Li1.994 Mn0.006) Mg Ge O4,293.0,0.101325,orthorhombic,(Li1.994Mn0.006)MgGeO4
P m n 21,Li2 (Mg0.9995 Mn0.0005) Ge O4,293.0,0.101325,orthorhombic,Li2(Mg0.9995Mn0.0005)GeO4
P m n 21,(Li1.997 Mn0.003) Mg (Ge0.991 Mn0.0085) O4,293.0,0.101325,orthorhombic,(Li1.997Mn0.003)Mg(Ge0.991Mn0.0085)O4
P m n 21,Li2 (Mg0.9994 Mn0.0006) (Ge0.9906 Mn0.0094) O4,293.0,0.101325,orthorhombic,Li2(Mg0.9994Mn0.0006)(Ge0.9906Mn0.0094)O4
P m n 21,(Li0.99864 Mn0.00136)2 (Mg0.99953 Mn0.00047) (Ge0.99089 Mn0.00911) O4,293.0,0.101325,orthorhombic,(Li0.99864Mn0.00136)2(Mg0.99953Mn0.00047)(Ge0.99089Mn0.00911)O4
P n m a,Pr0.5 Ca0.5 (Mn0.9 Zn0.1) O3,293.0,0.101325,orthorhombic,Pr0.5Ca0.5(Mn0.9Zn0.1)O3
P n m a,(La0.4 Nd0.1 Ca0.5) Mn O3,300.0,0.101325,orthorhombic,(La0.4Nd0.1Ca0.5)MnO3
P n m a,(La0.3 Nd0.2 Ca0.5) (Mn O3),300.0,0.101325,orthorhombic,(La0.3Nd0.2Ca0.5)(MnO3)
P n m a,(La0.2 Nd0.3 Ca0.5) (Mn O3),300.0,0.101325,orthorhombic,(La0.2Nd0.3Ca0.5)(MnO3)
P n m a,(La0.1 Nd0.4 Ca0.5) (Mn O3),300.0,0.101325,orthorhombic,(La0.1Nd0.4Ca0.5)(MnO3)
P b n m,(La0.7 Ca0.3) (Mn0.96 Al0.04) O3,293.0,0.101325,orthorhombic,(La0.7Ca0.3)(Mn0.96Al0.04)O3
P b n m,(La0.7 Ca0.3) (Mn0.96 In0.04) O3,293.0,0.101325,orthorhombic,(La0.7Ca0.3)(Mn0.96In0.04)O3
P n m a,(Ca0.98 Dy0.02) ((Mn0.98 Nb0.02) O3),293.0,0.101325,orthorhombic,(Ca0.98Dy0.02)((Mn0.98Nb0.02)O3)
I m m a,(Nd0.5 Sr0.5) ((Co0.8 Mn0.2) O3),293.0,0.101325,orthorhombic,(Nd0.5Sr0.5)((Co0.8Mn0.2)O3)
I m m a,(Nd0.5 Sr0.5) ((Co0.6 Mn0.4) O3),293.0,0.101325,orthorhombic,(Nd0.5Sr0.5)((Co0.6Mn0.4)O3)
I m m a,(Nd0.5 Sr0.5) ((Co0.4 Mn0.6) O3),293.0,0.101325,orthorhombic,(Nd0.5Sr0.5)((Co0.4Mn0.6)O3)
I m m a,(Nd0.5 Sr0.5) ((Co0.2 Mn0.8) O3),293.0,0.101325,orthorhombic,(Nd0.5Sr0.5)((Co0.2Mn0.8)O3)
P n m a,(La0.667 Ca0.333) ((Mn0.85 Zn0.15) O3),293.0,0.101325,orthorhombic,(La0.667Ca0.333)((Mn0.85Zn0.15)O3)
P n m a,(La0.667 Ca0.333) ((Mn0.85 Cu0.15) O3),293.0,0.101325,orthorhombic,(La0.667Ca0.333)((Mn0.85Cu0.15)O3)
I b m m,Sr Bi ((Mn1.75 Ti0.25) O6),300.0,0.101325,orthorhombic,SrBi((Mn1.75Ti0.25)O6)
P b n m,(Eu0.65 Sr0.35) (Fe0.1 Mn0.9) O3,293.0,0.101325,orthorhombic,(Eu0.65Sr0.35)(Fe0.1Mn0.9)O3
P b n m,(Eu0.65 Sr0.35) (Fe0.5 Mn0.5) O3,293.0,0.101325,orthorhombic,(Eu0.65Sr0.35)(Fe0.5Mn0.5)O3
P n m a,(Pr0.6 Sr0.35 Na0.05) (Mn O3),293.0,0.101325,orthorhombic,(Pr0.6Sr0.35Na0.05)(MnO3)
P n m a,(Ho0.51 Ca0.49) ((Mn0.99 Cr0.01) O3),300.0,0.101325,orthorhombic,(Ho0.51Ca0.49)((Mn0.99Cr0.01)O3)
P n m a,(Ho0.52 Ca0.48) ((Mn0.98 Cr0.02) O3),300.0,0.101325,orthorhombic,(Ho0.52Ca0.48)((Mn0.98Cr0.02)O3)
P n m a,(Ho0.53 Ca0.47) ((Mn0.97 Cr0.03) O3),300.0,0.101325,orthorhombic,(Ho0.53Ca0.47)((Mn0.97Cr0.03)O3)
P n m a,(La0.67 Ca0.33) (Mn0.95 Fe0.05) O3,293.0,0.101325,orthorhombic,(La0.67Ca0.33)(Mn0.95Fe0.05)O3
P n m a,(La0.67 Ca0.33) (Mn0.8 Fe0.2) O3,293.0,0.101325,orthorhombic,(La0.67Ca0.33)(Mn0.8Fe0.2)O3
P b a m,(Bi0.825 Nd0.175) (Fe0.9 Mn0.1) O3,293.0,0.101325,orthorhombic,(Bi0.825Nd0.175)(Fe0.9Mn0.1)O3
P b a m,(Bi0.825 Nd0.175) (Fe0.8 Mn0.2) O3,293.0,0.101325,orthorhombic,(Bi0.825Nd0.175)(Fe0.8Mn0.2)O3
P n m a,(La0.4 Eu0.1 Ca0.5) (Mn O3),293.0,0.101325,orthorhombic,(La0.4Eu0.1Ca0.5)(MnO3)
P n m a,(Pr0.5 Er0.1 Sr0.4) (Mn O3),293.0,0.101325,orthorhombic,(Pr0.5Er0.1Sr0.4)(MnO3)
P n m a,(Pr0.4 Er0.2 Sr0.4) (Mn O3),293.0,0.101325,orthorhombic,(Pr0.4Er0.2Sr0.4)(MnO3)
P b n m,(La0.5 Ca0.5) (Mn0.95 Fe0.05) O3,293.0,0.101325,orthorhombic,(La0.5Ca0.5)(Mn0.95Fe0.05)O3
P n m a,(La0.667 (Ca0.8 Zn0.2)0.333) (Mn O3),293.0,0.101325,orthorhombic,(La0.667(Ca0.8Zn0.2)0.333)(MnO3)
P n m a,(La0.667 (Ca0.6 Zn0.4)0.333) (Mn O3),293.0,0.101325,orthorhombic,(La0.667(Ca0.6Zn0.4)0.333)(MnO3)
P n m a,(La0.667 (Ca0.4 Zn0.6)0.333) (Mn O3),293.0,0.101325,orthorhombic,(La0.667(Ca0.4Zn0.6)0.333)(MnO3)
P n m a,(La0.667 (Ca0.2 Zn0.8)0.333) (Mn O3),293.0,0.101325,orthorhombic,(La0.667(Ca0.2Zn0.8)0.333)(MnO3)
P b n m,Ho (Ni0.25 Co0.25 Mn0.50) O2.91,293.0,0.101325,orthorhombic,Ho(Ni0.25Co0.25Mn0.50)O2.91
P b n m,(La0.513 Sr0.128 Nd0.257 Mn0.101) Mn0.97 O3,293.0,0.101325,orthorhombic,(La0.513Sr0.128Nd0.257Mn0.101)Mn0.97O3
P b n m,(La0.384 Sr0.128 Nd0.384 Mn0.104) Mn0.97 O3,293.0,0.101325,orthorhombic,(La0.384Sr0.128Nd0.384Mn0.104)Mn0.97O3
P b n m,(La0.255 Sr0.128 Nd0.510 Mn0.107) Mn0.97 O3,293.0,0.101325,orthorhombic,(La0.255Sr0.128Nd0.510Mn0.107)Mn0.97O3
P n m a,La Sr ((Mn1.9 Fe0.1) O5),293.0,0.101325,orthorhombic,LaSr((Mn1.9Fe0.1)O5)
P n m a,La Sr ((Mn1.8 Fe0.2) O5),293.0,0.101325,orthorhombic,LaSr((Mn1.8Fe0.2)O5)
P n m a,La Sr ((Mn1.7 Fe0.3) O5),293.0,0.101325,orthorhombic,LaSr((Mn1.7Fe0.3)O5)
P n m a,La Sr ((Mn1.6 Fe0.4) O5),293.0,0.101325,orthorhombic,LaSr((Mn1.6Fe0.4)O5)
P n m a,La Sr ((Mn1.5 Fe0.5) O5),293.0,0.101325,orthorhombic,LaSr((Mn1.5Fe0.5)O5)
P b n m,(Sm0.7 Sr0.3) (Mn0.95 Fe0.05) O3,293.0,0.101325,orthorhombic,(Sm0.7Sr0.3)(Mn0.95Fe0.05)O3
P n m a,(Pr0.6 Sr0.35 K0.05) (Mn O3),293.0,0.101325,orthorhombic,(Pr0.6Sr0.35K0.05)(MnO3)
P n m a,(Pr0.6 Sr0.3 K0.1) (Mn O3),293.0,0.101325,orthorhombic,(Pr0.6Sr0.3K0.1)(MnO3)
P n m a,(Pr0.6 Sr0.25 K0.15) (Mn O3),293.0,0.101325,orthorhombic,(Pr0.6Sr0.25K0.15)(MnO3)
P n m a,(Pr0.6 Sr0.2 K0.2) (Mn O3),293.0,0.101325,orthorhombic,(Pr0.6Sr0.2K0.2)(MnO3)
P b n m,(La0.42 Eu0.25 Ca0.33) (Mn O3),293.0,0.101325,orthorhombic,(La0.42Eu0.25Ca0.33)(MnO3)
P b n m,(La0.40 Eu0.27 Ca0.33) (Mn O3),293.0,0.101325,orthorhombic,(La0.40Eu0.27Ca0.33)(MnO3)
P n m a,(La0.67 Ca0.33) ((Mn0.97 Co0.03) O3),293.0,0.101325,orthorhombic,(La0.67Ca0.33)((Mn0.97Co0.03)O3)
P n m a,(La0.67 Ca0.33) ((Mn0.9 Co0.1) O3),293.0,0.101325,orthorhombic,(La0.67Ca0.33)((Mn0.9Co0.1)O3)
P n m a,(La0.67 Ca0.33) ((Mn0.85 Co0.15) O3),293.0,0.101325,orthorhombic,(La0.67Ca0.33)((Mn0.85Co0.15)O3)
P n m a,(La0.7 Sr0.3) ((Mn0.85 Sb0.15) O3),300.0,0.101325,orthorhombic,(La0.7Sr0.3)((Mn0.85Sb0.15)O3)
P b n m,(La0.5 Sr0.5) (Ti0.5 Mn0.5) O2.925,293.0,0.101325,orthorhombic,(La0.5Sr0.5)(Ti0.5Mn0.5)O2.925
P b n m,(Nd0.5 Sr0.5) (Ti0.5 Mn0.5) O2.92,293.0,0.101325,orthorhombic,(Nd0.5Sr0.5)(Ti0.5Mn0.5)O2.92
P b n m,(Sm0.5 Sr0.5) (Ti0.5 Mn0.5) O2.88,293.0,0.101325,orthorhombic,(Sm0.5Sr0.5)(Ti0.5Mn0.5)O2.88
P b n m,(La0.5 Sr0.5) (Ti0.5 Mn0.5) O2.81,293.0,0.101325,orthorhombic,(La0.5Sr0.5)(Ti0.5Mn0.5)O2.81
P b n m,(Nd0.5 Sr0.5) (Ti0.5 Mn0.5) O2.71,293.0,0.101325,orthorhombic,(Nd0.5Sr0.5)(Ti0.5Mn0.5)O2.71
P b n m,(Sm0.5 Sr0.5) (Ti0.5 Mn0.5) O2.71,293.0,0.101325,orthorhombic,(Sm0.5Sr0.5)(Ti0.5Mn0.5)O2.71
P b n m,(La0.6 Ca0.35 Sr0.05) (Mn O3),293.0,0.101325,orthorhombic,(La0.6Ca0.35Sr0.05)(MnO3)
P b n m,Mn4.90 Mg2.10 (Si O4)3 (O H)2,293.0,0.101325,orthorhombic,Mn4.90Mg2.10(SiO4)3(OH)2
B b m m,Ca2 Mn3 (Si2.5 O10) (O H)4,293.0,0.101325,orthorhombic,Ca2Mn3(Si2.5O10)(OH)4
P 2 m m,Ca8 Mn10.64 (Si12.32 O42) (O H)10 (H2 O)4,293.0,0.101325,orthorhombic,Ca8Mn10.64(Si12.32O42)(OH)10(H2O)4
P n m a,(Sm0.5 Sr0.4 Nd0.09) (Mn O3),293.0,0.101325,orthorhombic,(Sm0.5Sr0.4Nd0.09)(MnO3)
C 2 2 21,Ag6 (Mn Mo9 O32) (H2 O)4,293.0,0.101325,orthorhombic,Ag6(MnMo9O32)(H2O)4
P b n m,Sr Ca Ti Mn O6,293.0,0.101325,orthorhombic,SrCaTiMnO6
P b a m,Ni1.757 Mn0.826 Cu0.416 B O5,298.0,0.101325,orthorhombic,Ni1.757Mn0.826Cu0.416BO5
P n m a,La0.67 Ca0.28 Ag0.05 Mn O3,293.0,0.101325,orthorhombic,La0.67Ca0.28Ag0.05MnO3
P n m a,La0.67 Ca0.18 Ag0.15 Mn O3,293.0,0.101325,orthorhombic,La0.67Ca0.18Ag0.15MnO3
P n m a,La0.67 Ca0.13 Ag0.2 Mn O3,293.0,0.101325,orthorhombic,La0.67Ca0.13Ag0.2MnO3
P n m a,(Pr0.9 Sr0.1) (Mn0.9 Ti0.1) O3,293.0,0.101325,orthorhombic,(Pr0.9Sr0.1)(Mn0.9Ti0.1)O3
I m m a,Nd0.67 Ba0.33 (Mn0.9 Fe0.1) O3,293.0,0.101325,orthorhombic,Nd0.67Ba0.33(Mn0.9Fe0.1)O3
I m m a,Nd0.67 Ba0.33 (Mn0.9 Cu0.1) O3,293.0,0.101325,orthorhombic,Nd0.67Ba0.33(Mn0.9Cu0.1)O3
P b n m,(La0.7 Tb0.1 Sr0.2) Mn O3,300.0,0.101325,orthorhombic,(La0.7Tb0.1Sr0.2)MnO3
P b n m,(La0.7 Tb0.1 Ca0.2) Mn O3,300.0,0.101325,orthorhombic,(La0.7Tb0.1Ca0.2)MnO3
P n m a,(La0.7 Ca0.3) (Mn0.98 Ni0.02 O3),293.0,0.101325,orthorhombic,(La0.7Ca0.3)(Mn0.98Ni0.02O3)
P n m a,(La0.7 Ca0.3) (Mn0.93 Ni0.07 O3),293.0,0.101325,orthorhombic,(La0.7Ca0.3)(Mn0.93Ni0.07O3)
P n m a,(La0.7 Ca0.3) (Mn0.90 Ni0.10 O3),293.0,0.101325,orthorhombic,(La0.7Ca0.3)(Mn0.90Ni0.10O3)
P b n m,Nd0.67 Sr0.33 (Mn0.9 Cr0.1) O3,293.0,0.101325,orthorhombic,Nd0.67Sr0.33(Mn0.9Cr0.1)O3
P b n m,Nd0.67 Sr0.33 (Mn0.9 Fe0.1) O3,293.0,0.101325,orthorhombic,Nd0.67Sr0.33(Mn0.9Fe0.1)O3
P b n m,Nd0.67 Sr0.33 (Mn0.9 Co0.1) O3,293.0,0.101325,orthorhombic,Nd0.67Sr0.33(Mn0.9Co0.1)O3
P b a m,(Bi0.88 Y0.12) (Fe0.95 Mn0.05) O3,293.0,0.101325,orthorhombic,(Bi0.88Y0.12)(Fe0.95Mn0.05)O3
P b n m,La0.4 Bi0.4 Ca0.2 Mn O3,293.0,0.101325,orthorhombic,La0.4Bi0.4Ca0.2MnO3
P b n m,Bi0.3 Pr0.3 Ca0.4 Mn O3,293.0,0.101325,orthorhombic,Bi0.3Pr0.3Ca0.4MnO3
P n m a,Nd0.7 Ca0.15 Sr0.15 Mn O3,293.0,0.101325,orthorhombic,Nd0.7Ca0.15Sr0.15MnO3
P b n m,(Pr0.45 Gd0.05 Sr0.5) Mn O3,293.0,0.101325,orthorhombic,(Pr0.45Gd0.05Sr0.5)MnO3
P b n m,(Pr0.4 Gd0.1 Sr0.5) Mn O3,293.0,0.101325,orthorhombic,(Pr0.4Gd0.1Sr0.5)MnO3
P b n m,(La0.7 Pr0.3)0.85 Ag0.15 Mn O3,293.0,0.101325,orthorhombic,(La0.7Pr0.3)0.85Ag0.15MnO3
P b n m,(La0.6 Pr0.4)0.85 Ag0.15 Mn O3,293.0,0.101325,orthorhombic,(La0.6Pr0.4)0.85Ag0.15MnO3
P n m a,(Pr0.25 Sm0.25) Sr0.5 (Mn O3),293.0,0.101325,orthorhombic,(Pr0.25Sm0.25)Sr0.5(MnO3)
P n m a,La0.78 Dy0.02 Ca0.2 Mn O3,293.0,0.101325,orthorhombic,La0.78Dy0.02Ca0.2MnO3
P b n m,(La0.6 Ba0.2 Ca0.2) Mn O3,293.0,0.101325,orthorhombic,(La0.6Ba0.2Ca0.2)MnO3
P n m a,((La0.69 Dy0.01) Sr0.3) (Mn O3),293.0,0.101325,orthorhombic,((La0.69Dy0.01)Sr0.3)(MnO3)
P n m a,((La0.67 Dy0.03) Sr0.3) (Mn O3),293.0,0.101325,orthorhombic,((La0.67Dy0.03)Sr0.3)(MnO3)
P n m a,(La0.7 Ca0.3) (Mn0.96 Al0.04) O3,295.0,0.101325,orthorhombic,(La0.7Ca0.3)(Mn0.96Al0.04)O3
P n m a,(La0.7 Ca0.3) (Mn0.96 In0.04) O3,295.0,0.101325,orthorhombic,(La0.7Ca0.3)(Mn0.96In0.04)O3
P b n m,(Sr La) (Mn Ru O6),295.0,0.101325,orthorhombic,(SrLa)(MnRuO6)
P b n m,(Pr0.52 Ca0.18 Sr0.3) (Mn O3),300.0,0.101325,orthorhombic,(Pr0.52Ca0.18Sr0.3)(MnO3)
P b n m,(Pr0.48 Ca0.22 Sr0.3) (Mn O3),300.0,0.101325,orthorhombic,(Pr0.48Ca0.22Sr0.3)(MnO3)
P b n m,(Sr0.4 Ca0.5 Nd0.1) Mn O3,293.0,0.101325,orthorhombic,(Sr0.4Ca0.5Nd0.1)MnO3
P b n m,(Sr0.3 Ca0.6 Nd0.1) Mn O3,293.0,0.101325,orthorhombic,(Sr0.3Ca0.6Nd0.1)MnO3
P b n m,(Sr0.2 Ca0.7 Nd0.1) Mn O3,293.0,0.101325,orthorhombic,(Sr0.2Ca0.7Nd0.1)MnO3
P b n m,(Sr0.1 Ca0.8 Nd0.1) Mn O3,293.0,0.101325,orthorhombic,(Sr0.1Ca0.8Nd0.1)MnO3
P b n m,(Sr0.2 Ca0.6 Nd0.2) Mn O3,293.0,0.101325,orthorhombic,(Sr0.2Ca0.6Nd0.2)MnO3
P b n m,(Sr0.1 Ca0.7 Nd0.2) Mn O3,293.0,0.101325,orthorhombic,(Sr0.1Ca0.7Nd0.2)MnO3
P n m a,(La0.63 Ca0.37) (Mn0.97 Ni0.03) O3,300.0,0.101325,orthorhombic,(La0.63Ca0.37)(Mn0.97Ni0.03)O3
P n m a,(La0.63 Ca0.37) (Mn0.92 Ni0.08) O3,300.0,0.101325,orthorhombic,(La0.63Ca0.37)(Mn0.92Ni0.08)O3
P n m a,(La0.63 Ca0.37) (Mn0.97 Cu0.03) O3,300.0,0.101325,orthorhombic,(La0.63Ca0.37)(Mn0.97Cu0.03)O3
P n m a,(La0.63 Ca0.37) (Mn0.92 Cu0.08) O3,300.0,0.101325,orthorhombic,(La0.63Ca0.37)(Mn0.92Cu0.08)O3
I m m a,(Sr0.65 Pr0.05 Ce0.30) Mn O3,300.0,0.101325,orthorhombic,(Sr0.65Pr0.05Ce0.30)MnO3
P n m a,(Pr0.6 La0.1 Ca0.3) Mn O3,293.0,0.101325,orthorhombic,(Pr0.6La0.1Ca0.3)MnO3
P n m a,(Nd0.67 Sr0.33) (Mn0.67 Ti0.33) O3,293.0,0.101325,orthorhombic,(Nd0.67Sr0.33)(Mn0.67Ti0.33)O3
P n m a,(La0.8 Ca0.2) (Mn0.9 Co0.1) O3,293.0,0.101325,orthorhombic,(La0.8Ca0.2)(Mn0.9Co0.1)O3
P n m a,(La0.8 Ca0.2) (Mn0.8 Co0.2) O3,293.0,0.101325,orthorhombic,(La0.8Ca0.2)(Mn0.8Co0.2)O3
P n m a,(La0.8 Ca0.2) (Mn0.7 Co0.3) O3,293.0,0.101325,orthorhombic,(La0.8Ca0.2)(Mn0.7Co0.3)O3
P b n m,La0.7 Te0.3 (Mn0.8 Co0.2 O3),293.0,0.101325,orthorhombic,La0.7Te0.3(Mn0.8Co0.2O3)
P b n m,La0.7 Te0.3 (Mn0.75 Co0.25 O3),293.0,0.101325,orthorhombic,La0.7Te0.3(Mn0.75Co0.25O3)
P b n m,La0.7 Te0.3 (Mn0.7 Co0.3 O3),293.0,0.101325,orthorhombic,La0.7Te0.3(Mn0.7Co0.3O3)
P b n m,La0.7 Te0.3 (Mn0.5 Co0.5 O3),293.0,0.101325,orthorhombic,La0.7Te0.3(Mn0.5Co0.5O3)
I m m a,La0.6 Sm0.1 Ba0.3 Mn O3,293.0,0.101325,orthorhombic,La0.6Sm0.1Ba0.3MnO3
I m m a,La0.5 Sm0.2 Ba0.3 Mn O3,293.0,0.101325,orthorhombic,La0.5Sm0.2Ba0.3MnO3
P n m a,La0.78 Ca0.18 Pb0.05 Mn O3,293.0,0.101325,orthorhombic,La0.78Ca0.18Pb0.05MnO3
P n m a,La0.78 Ca0.12 Pb0.10 Mn O3,293.0,0.101325,orthorhombic,La0.78Ca0.12Pb0.10MnO3
P n m a,La0.5 Ag0.1 Ca0.4 Mn O3,293.0,0.101325,orthorhombic,La0.5Ag0.1Ca0.4MnO3
P n m a,Sm0.55 Sr0.30 Ag0.15 Mn O3,293.0,0.101325,orthorhombic,Sm0.55Sr0.30Ag0.15MnO3
P n m a,(La0.67 Ca0.33) (Mn0.9 Cr0.1) O3,293.0,0.101325,orthorhombic,(La0.67Ca0.33)(Mn0.9Cr0.1)O3
I m m a,Li Cu0.95 Mn0.05 V O4,300.0,0.101325,orthorhombic,LiCu0.95Mn0.05VO4
I m m a,Bi0.8 La0.2 Fe0.5 Mn0.5 O3,300.0,0.101325,orthorhombic,Bi0.8La0.2Fe0.5Mn0.5O3
I m m a,Li Cu0.95 Mn0.05 V O4,293.0,0.101325,orthorhombic,LiCu0.95Mn0.05VO4
I m m a,Li Cu0.9 Mn0.1 V O4,293.0,0.101325,orthorhombic,LiCu0.9Mn0.1VO4
P b n m,La0.7 Nd0.3 Mn0.5 Cr0.5 O3.021,293.0,0.101325,orthorhombic,La0.7Nd0.3Mn0.5Cr0.5O3.021
P b n m,La0.4 Nd0.6 Mn0.5 Cr0.5 O3.019,293.0,0.101325,orthorhombic,La0.4Nd0.6Mn0.5Cr0.5O3.019
P b n m,La0.1 Nd0.9 Mn0.5 Cr0.5 O3.019,293.0,0.101325,orthorhombic,La0.1Nd0.9Mn0.5Cr0.5O3.019
P m n 21,K7 ((B O3) Mn (B12 O18 (O H)6)) (H2 O),293.0,0.101325,orthorhombic,K7((BO3)Mn(B12O18(OH)6))(H2O)
C m 2 m,Bi4 Mn0.33 W0.67 O8 Cl,293.0,0.101325,orthorhombic,Bi4Mn0.33W0.67O8Cl
R -3 R,Pb0.83 Ti13.68 Fe6.32 Mn O38,293.0,0.101325,trigonal,Pb0.83Ti13.68Fe6.32MnO38
R -3 m H,Li0.19 Mn0.80 Ni0.21 Co0.20 O1.90,293.0,0.101325,trigonal,Li0.19Mn0.80Ni0.21Co0.20O1.90
P -3 m 1,Na2 Ba Mn (V O4)2,297.0,0.101325,trigonal,Na2BaMn(VO4)2
R 3 m H,Na0.67 Mn0.5 Ni0.4 Fe0.1 O2,293.0,0.101325,trigonal,Na0.67Mn0.5Ni0.4Fe0.1O2
R -3 c H,La0.5 Sr0.5 Mn0.5 Cr0.5 O3,293.0,0.101325,trigonal,La0.5Sr0.5Mn0.5Cr0.5O3
R -3 m H,Na (Ni0.3 Fe0.4 Mn0.3) O2,293.0,0.101325,trigonal,Na(Ni0.3Fe0.4Mn0.3)O2
R -3 m H,Li1.2 Co0.13 Ni0.13 Mn0.54 O2,293.0,0.101325,trigonal,Li1.2Co0.13Ni0.13Mn0.54O2
R -3 m H,Li0.332 Mn0.334 Ni0.328 Co0.338 O2,293.0,0.101325,trigonal,Li0.332Mn0.334Ni0.328Co0.338O2
R -3 m H,Li0.418 Mn0.335 Ni0.325 Co0.340 O2,293.0,0.101325,trigonal,Li0.418Mn0.335Ni0.325Co0.340O2
P -3 m 1,Li0.109 Mn0.337 Ni0.326 Co0.337 O2,293.0,0.101325,trigonal,Li0.109Mn0.337Ni0.326Co0.337O2
R -3 m H,Li0.109 Mn0.337 Ni0.326 Co0.337 O2,293.0,0.101325,trigonal,Li0.109Mn0.337Ni0.326Co0.337O2
R -3 m H,Li0.425 Mn0.332 Ni0.334 Co0.324 O2,293.0,0.101325,trigonal,Li0.425Mn0.332Ni0.334Co0.324O2
R -3 c H,La0.8 Ba0.2 Mn0.4 Cu0.6 O3,293.0,0.101325,trigonal,La0.8Ba0.2Mn0.4Cu0.6O3
R -3 c H,La0.8 Ba0.2 Mn0.6 Cu0.4 O3,293.0,0.101325,trigonal,La0.8Ba0.2Mn0.6Cu0.4O3
R -3 c H,La0.8 Ba0.2 Mn0.8 Cu0.2 O3,293.0,0.101325,trigonal,La0.8Ba0.2Mn0.8Cu0.2O3
R -3 c H,La0.8 Ba0.2 Mn0.8 Cu0.2 O2.64,293.0,0.101325,trigonal,La0.8Ba0.2Mn0.8Cu0.2O2.64
R -3 m H,Li1.01 Ni0.79 Co0.1 Mn0.1 O2,293.0,0.101325,trigonal,Li1.01Ni0.79Co0.1Mn0.1O2
R -3 m H,Li (Ni0.23 Co0.12 Mn0.65) O2,293.0,0.101325,trigonal,Li(Ni0.23Co0.12Mn0.65)O2
R -3 m H,Li Ni0.33 Co0.33 Mn0.33 O2,293.0,0.101325,trigonal,LiNi0.33Co0.33Mn0.33O2
P -3 m 1,Ba6  Ru2 (Ru0.5 Mn0.5) O12 Cl2,293.0,0.101325,trigonal,Ba6Ru2(Ru0.5Mn0.5)O12Cl2
R -3 m H,Li Ni0.78 Co0.11 Mn0.11 O2,293.0,0.101325,trigonal,LiNi0.78Co0.11Mn0.11O2
R -3 c H,La0.67 Ba0.28 Rb0.05 Mn O3,293.0,0.101325,trigonal,La0.67Ba0.28Rb0.05MnO3
R -3 c H,La0.67 Ba0.23 Rb0.1 Mn O3,293.0,0.101325,trigonal,La0.67Ba0.23Rb0.1MnO3
R 3 c H,K5 (Mn0.5 Zr0.5) Zr (Mo O4)6,293.0,0.101325,trigonal,K5(Mn0.5Zr0.5)Zr(MoO4)6
R -3 m H,(Li0.94 Ni0.06) (Li0.06 Ni0.74 Co0.1 Mn0.1) O2,293.0,0.101325,trigonal,(Li0.94Ni0.06)(Li0.06Ni0.74Co0.1Mn0.1)O2
R 3 H,Mg1.648 Mn0.704 Zn0.041 Sb0.557 O4,293.0,0.101325,trigonal,Mg1.648Mn0.704Zn0.041Sb0.557O4
R -3 c H,La0.8 Na0.2 Mn0.97 Co0.03 O3,293.0,0.101325,trigonal,La0.8Na0.2Mn0.97Co0.03O3
R -3 c H,La0.8 Na0.2 Mn0.94 Co0.06 O3,293.0,0.101325,trigonal,La0.8Na0.2Mn0.94Co0.06O3
R -3 m H,Na (Ni0.5 Mn0.3 Co0.2) O2,293.0,0.101325,trigonal,Na(Ni0.5Mn0.3Co0.2)O2
R -3 m H,Na Cu0.2 Fe0.4 Mn0.4 O2,293.0,0.101325,trigonal,NaCu0.2Fe0.4Mn0.4O2
R -3 m H,Na Cu0.2 Fe0.3 Mn0.5 O2,293.0,0.101325,trigonal,NaCu0.2Fe0.3Mn0.5O2
R -3 m H,Na Cu0.2 Fe0.2 Mn0.6 O2,293.0,0.101325,trigonal,NaCu0.2Fe0.2Mn0.6O2
R -3 m H,Na Cu0.2 Fe0.1 Mn0.7 O2,293.0,0.101325,trigonal,NaCu0.2Fe0.1Mn0.7O2
R -3 c H,(La0.7 Sr0.3) (Co0.75 Mn0.25) O2.98,293.0,0.101325,trigonal,(La0.7Sr0.3)(Co0.75Mn0.25)O2.98
R -3 c H,(La0.7 Sr0.3) (Co0.5 Mn0.5) O2.99,293.0,0.101325,trigonal,(La0.7Sr0.3)(Co0.5Mn0.5)O2.99
R -3 c H,(La0.7 Sr0.3) (Co0.25 Mn0.75) O3,293.0,0.101325,trigonal,(La0.7Sr0.3)(Co0.25Mn0.75)O3
R -3 c H,(La0.6 Sr0.3 Ba0.1) Mn O3,293.0,0.101325,trigonal,(La0.6Sr0.3Ba0.1)MnO3
R -3 c H,(La0.6 Sr0.2 Ba0.2) Mn O3,293.0,0.101325,trigonal,(La0.6Sr0.2Ba0.2)MnO3
R -3 c H,(La0.6 Sr0.1 Ba0.3) Mn O3,293.0,0.101325,trigonal,(La0.6Sr0.1Ba0.3)MnO3
R -3 c H,(La0.65 Pb0.35) (Mn0.95 Ti0.05) O3,293.0,0.101325,trigonal,(La0.65Pb0.35)(Mn0.95Ti0.05)O3
R -3 c H,(La0.68 Pb0.32) (Mn0.83 Ti0.17) O3,293.0,0.101325,trigonal,(La0.68Pb0.32)(Mn0.83Ti0.17)O3
R -3 c H,(La0.63 Pb0.37) (Mn0.69 Ti0.31) O3,293.0,0.101325,trigonal,(La0.63Pb0.37)(Mn0.69Ti0.31)O3
R -3 m H,Ba2 La2 Mn (W2 O12),293.0,0.101325,trigonal,Ba2La2Mn(W2O12)
R -3 c H,(La0.7 Ca0.13 Sr0.17) (Mn O3),300.0,0.101325,trigonal,(La0.7Ca0.13Sr0.17)(MnO3)
P -3,Mn (Si F6) (H2 O)6,298.0,0.101325,trigonal,Mn(SiF6)(H2O)6
R -3 m H,Li Ni0.8 Mn0.1 Co0.1 O2,293.0,0.101325,trigonal,LiNi0.8Mn0.1Co0.1O2
R -3 m H,Mn (Si F6) (D2 O)6,293.0,0.101325,trigonal,Mn(SiF6)(D2O)6
R -3 m H,Mn (Al0.65 Li0.33) O2 (O H)2,293.0,0.101325,trigonal,Mn(Al0.65Li0.33)O2(OH)2
P 3 1 c,(Mg (H2 O)6)2 (Mn Cl6),293.0,0.101325,trigonal,(Mg(H2O)6)2(MnCl6)
R -3 c H,(La0.85 Na0.12 K0.03) Mn O3,293.0,0.101325,trigonal,(La0.85Na0.12K0.03)MnO3
R -3 c H,(La0.85 Na0.09 K0.06) Mn O3,293.0,0.101325,trigonal,(La0.85Na0.09K0.06)MnO3
R -3 c H,(La0.85 Na0.06 K0.09) Mn O3,293.0,0.101325,trigonal,(La0.85Na0.06K0.09)MnO3
R -3 c H,(La0.85 Na0.03 K0.12) Mn O3,293.0,0.101325,trigonal,(La0.85Na0.03K0.12)MnO3
R -3 m H,Li1.2 Mn0.54 Ni0.13 Co0.13 O2,293.0,0.101325,trigonal,Li1.2Mn0.54Ni0.13Co0.13O2
R -3 c H,(La0.7 Pb0.3) (Mn0.9 Ni0.1) O3,296.0,0.101325,trigonal,(La0.7Pb0.3)(Mn0.9Ni0.1)O3
R -3 c H,(La0.6 Sr0.3 Ca0.1) (Mn O3),293.0,0.101325,trigonal,(La0.6Sr0.3Ca0.1)(MnO3)
R -3 c H,(La0.6 Sr0.2 Ca0.2) (Mn O3),293.0,0.101325,trigonal,(La0.6Sr0.2Ca0.2)(MnO3)
R -3 c H,(La0.706 Sr0.294) (Mn0.98 Cr0.02) O3,293.0,0.101325,trigonal,(La0.706Sr0.294)(Mn0.98Cr0.02)O3
R -3 c H,(La0.712 Sr0.288) (Mn0.96 Cr0.04) O3,293.0,0.101325,trigonal,(La0.712Sr0.288)(Mn0.96Cr0.04)O3
R -3 c H,(La0.718 Sr0.282) (Mn0.94 Cr0.06) O3,293.0,0.101325,trigonal,(La0.718Sr0.282)(Mn0.94Cr0.06)O3
R -3 c H,(La0.724 Sr0.276) (Mn0.92 Cr0.08) O3,293.0,0.101325,trigonal,(La0.724Sr0.276)(Mn0.92Cr0.08)O3
R -3 c H,(La0.73 Sr0.27) (Mn0.9 Cr0.1) O3,293.0,0.101325,trigonal,(La0.73Sr0.27)(Mn0.9Cr0.1)O3
R -3 c H,(La0.706 Sr0.294) (Mn0.98 Co0.02) O3,293.0,0.101325,trigonal,(La0.706Sr0.294)(Mn0.98Co0.02)O3
R -3 c H,(La0.712 Sr0.288) (Mn0.96 Co0.04) O3,293.0,0.101325,trigonal,(La0.712Sr0.288)(Mn0.96Co0.04)O3
R -3 c H,(La0.718 Sr0.282) (Mn0.94 Co0.06) O3,293.0,0.101325,trigonal,(La0.718Sr0.282)(Mn0.94Co0.06)O3
R -3 c H,(La0.724 Sr0.276) (Mn0.92 Co0.08) O3,293.0,0.101325,trigonal,(La0.724Sr0.276)(Mn0.92Co0.08)O3
R -3 c H,(La0.73 Sr0.27) (Mn0.90 Co0.1) O3,293.0,0.101325,trigonal,(La0.73Sr0.27)(Mn0.90Co0.1)O3
R -3 c H,(La0.706 Sr0.294) (Mn0.98 Ga0.02) O3,293.0,0.101325,trigonal,(La0.706Sr0.294)(Mn0.98Ga0.02)O3
R -3 c H,(La0.712 Sr0.288) (Mn0.96 Ga0.04) O3,293.0,0.101325,trigonal,(La0.712Sr0.288)(Mn0.96Ga0.04)O3
R -3 c H,(La0.718 Sr0.282) (Mn0.94 Ga0.06) O3,293.0,0.101325,trigonal,(La0.718Sr0.282)(Mn0.94Ga0.06)O3
R -3 c H,(La0.724 Sr0.276) (Mn0.92 Ga0.08) O3,293.0,0.101325,trigonal,(La0.724Sr0.276)(Mn0.92Ga0.08)O3
R -3 c H,(La0.73 Sr0.27) (Mn0.9 Ga0.1) O3,293.0,0.101325,trigonal,(La0.73Sr0.27)(Mn0.9Ga0.1)O3
R -3 c H,(La0.726 Sr0.274) (Mn0.98 Cu0.02) O3,293.0,0.101325,trigonal,(La0.726Sr0.274)(Mn0.98Cu0.02)O3
R -3 c H,(La0.752 Sr0.248) (Mn0.96 Cu0.04) O3,293.0,0.101325,trigonal,(La0.752Sr0.248)(Mn0.96Cu0.04)O3
R -3 c H,(La0.778 Sr0.222) (Mn0.94 Cu0.06) O3,293.0,0.101325,trigonal,(La0.778Sr0.222)(Mn0.94Cu0.06)O3
R -3 c H,(La0.804 Sr0.196) (Mn0.92 Cu0.08) O3,293.0,0.101325,trigonal,(La0.804Sr0.196)(Mn0.92Cu0.08)O3
R -3 c H,(La0.83 Sr0.17) (Mn0.9 Cu0.1) O3,293.0,0.101325,trigonal,(La0.83Sr0.17)(Mn0.9Cu0.1)O3
R -3 c H,(La0.726 Sr0.274) (Mn0.98 Zn0.02) O3,293.0,0.101325,trigonal,(La0.726Sr0.274)(Mn0.98Zn0.02)O3
R -3 c H,(La0.752 Sr0.248) (Mn0.96 Zn0.04) O3,293.0,0.101325,trigonal,(La0.752Sr0.248)(Mn0.96Zn0.04)O3
R -3 c H,(La0.778 Sr0.222) (Mn0.94 Zn0.06) O3,293.0,0.101325,trigonal,(La0.778Sr0.222)(Mn0.94Zn0.06)O3
R -3 c H,(La0.804 Sr0.196) (Mn0.92 Zn0.08) O3,293.0,0.101325,trigonal,(La0.804Sr0.196)(Mn0.92Zn0.08)O3
R -3 c H,(La0.83 Sr0.17) (Mn0.9 Zn0.1) O3,293.0,0.101325,trigonal,(La0.83Sr0.17)(Mn0.9Zn0.1)O3
R -3 c H,(La0.706 Sr0.294) (Mn0.98 Sc0.02) O3,293.0,0.101325,trigonal,(La0.706Sr0.294)(Mn0.98Sc0.02)O3
R -3 c H,(La0.712 Sr0.288) (Mn0.96 Sc0.04) O3,293.0,0.101325,trigonal,(La0.712Sr0.288)(Mn0.96Sc0.04)O3
R -3 c H,(La0.718 Sr0.282) (Mn0.94 Sc0.06) O3,293.0,0.101325,trigonal,(La0.718Sr0.282)(Mn0.94Sc0.06)O3
R -3 c H,(La0.724 Sr0.276) (Mn0.92 Sc0.08) O3,293.0,0.101325,trigonal,(La0.724Sr0.276)(Mn0.92Sc0.08)O3
R -3 c H,(La0.73 Sr0.27) (Mn0.9 Sc0.1) O3,293.0,0.101325,trigonal,(La0.73Sr0.27)(Mn0.9Sc0.1)O3
R -3 c H,(La0.726 Ba0.274) (Mn0.98 Cu0.02) O3,293.0,0.101325,trigonal,(La0.726Ba0.274)(Mn0.98Cu0.02)O3
R -3 c H,(La0.752 Ba0.248) (Mn0.96 Cu0.04) O3,293.0,0.101325,trigonal,(La0.752Ba0.248)(Mn0.96Cu0.04)O3
R -3 c H,(La0.778 Ba0.222) (Mn0.94 Cu0.06) O3,293.0,0.101325,trigonal,(La0.778Ba0.222)(Mn0.94Cu0.06)O3
R -3 c H,(La0.804 Ba0.196) (Mn0.92 Cu0.08) O3,293.0,0.101325,trigonal,(La0.804Ba0.196)(Mn0.92Cu0.08)O3
R -3 c H,(La0.83 Ba0.17) (Mn0.9 Cu0.1) O3,293.0,0.101325,trigonal,(La0.83Ba0.17)(Mn0.9Cu0.1)O3
R -3 c H,(La0.726 Ba0.274) (Mn0.98 Zn0.02) O3,293.0,0.101325,trigonal,(La0.726Ba0.274)(Mn0.98Zn0.02)O3
R -3 c H,(La0.752 Ba0.248) (Mn0.96 Zn0.04) O3,293.0,0.101325,trigonal,(La0.752Ba0.248)(Mn0.96Zn0.04)O3
R -3 c H,(La0.778 Ba0.222) (Mn0.94 Zn0.06) O3,293.0,0.101325,trigonal,(La0.778Ba0.222)(Mn0.94Zn0.06)O3
R -3 c H,(La0.804 Ba0.196) (Mn0.92 Zn0.08) O3,293.0,0.101325,trigonal,(La0.804Ba0.196)(Mn0.92Zn0.08)O3
R -3 c H,(La0.83 Ba0.17) (Mn0.9 Zn0.1) O3,293.0,0.101325,trigonal,(La0.83Ba0.17)(Mn0.9Zn0.1)O3
R -3 c H,(La0.706 Ba0.294) (Mn0.98 Sc0.02) O3,293.0,0.101325,trigonal,(La0.706Ba0.294)(Mn0.98Sc0.02)O3
R -3 c H,(La0.712 Ba0.288) (Mn0.96 Sc0.04) O3,293.0,0.101325,trigonal,(La0.712Ba0.288)(Mn0.96Sc0.04)O3
R -3 c H,(La0.718 Ba0.282) (Mn0.94 Sc0.06) O3,293.0,0.101325,trigonal,(La0.718Ba0.282)(Mn0.94Sc0.06)O3
R -3 c H,(La0.724 Ba0.276) (Mn0.92 Sc0.08) O3,293.0,0.101325,trigonal,(La0.724Ba0.276)(Mn0.92Sc0.08)O3
R -3 c H,(La0.73 Ba0.27) (Mn0.9 Sc0.1) O3,293.0,0.101325,trigonal,(La0.73Ba0.27)(Mn0.9Sc0.1)O3
R -3 c H,(La0.6 Ba0.3 Ca0.1) Mn O3,293.0,0.101325,trigonal,(La0.6Ba0.3Ca0.1)MnO3
R -3 c H,(La0.6 Ba0.2 Ca0.2) Mn O3,293.0,0.101325,trigonal,(La0.6Ba0.2Ca0.2)MnO3
R -3 c H,Pb6 (Pb1.82 Ca0.18) Mn (Si2 O7)3,293.0,0.101325,trigonal,Pb6(Pb1.82Ca0.18)Mn(Si2O7)3
R -3 c H,(La0.7 Sr0.3) (Mn0.9 Ti0.1) O3,293.0,0.101325,trigonal,(La0.7Sr0.3)(Mn0.9Ti0.1)O3
R -3 c H,(La0.7 Sr0.3) (Mn0.8 Ti0.2) O3,293.0,0.101325,trigonal,(La0.7Sr0.3)(Mn0.8Ti0.2)O3
R -3 c H,(La0.7 Sr0.3) (Mn0.7 Ti0.3) O3,293.0,0.101325,trigonal,(La0.7Sr0.3)(Mn0.7Ti0.3)O3
P -3 c 1,(Sr0.75 Ba0.25)5 (Ni Mn3 O12),293.0,0.101325,trigonal,(Sr0.75Ba0.25)5(NiMn3O12)
R -3 m H,Ba12 Ca3 (Mo3 Mn6 O36),293.0,0.101325,trigonal,Ba12Ca3(Mo3Mn6O36)
R -3 c H,(La0.8 Sr0.2) ((Mn0.8 Fe0.2) O3),293.0,0.101325,trigonal,(La0.8Sr0.2)((Mn0.8Fe0.2)O3)
R -3 c H,(La0.7 Sr0.3) ((Mn0.7 Fe0.3) O3),293.0,0.101325,trigonal,(La0.7Sr0.3)((Mn0.7Fe0.3)O3)
R -3 c H,(La0.6 Sr0.4) ((Mn0.6 Fe0.4) O3),293.0,0.101325,trigonal,(La0.6Sr0.4)((Mn0.6Fe0.4)O3)
R -3 c H,(La0.5 Sr0.5) ((Mn0.5 Fe0.5) O3),293.0,0.101325,trigonal,(La0.5Sr0.5)((Mn0.5Fe0.5)O3)
R -3 m H,Ba5 Mn Na2 O4.98 (V O4)2,293.0,0.101325,trigonal,Ba5MnNa2O4.98(VO4)2
R -3 c H,(La0.57 Pr0.03 Sr0.4) (Mn O3),293.0,0.101325,trigonal,(La0.57Pr0.03Sr0.4)(MnO3)
R -3 c H,(La0.54 Pr0.06 Sr0.4) (Mn O3),293.0,0.101325,trigonal,(La0.54Pr0.06Sr0.4)(MnO3)
R -3 c H,(La0.42 Pr0.18 Sr0.4) (Mn O3),293.0,0.101325,trigonal,(La0.42Pr0.18Sr0.4)(MnO3)
R -3 c H,(La0.3 Pr0.3 Sr0.4) (Mn O3),293.0,0.101325,trigonal,(La0.3Pr0.3Sr0.4)(MnO3)
R -3 m H,Li ((Li0.2 Ni0.1 Co0.2 Mn0.5) O2),293.0,0.101325,trigonal,Li((Li0.2Ni0.1Co0.2Mn0.5)O2)
R -3 m H,Li ((Ni0.25 Co0.5 Mn0.25) O2),293.0,0.101325,trigonal,Li((Ni0.25Co0.5Mn0.25)O2)
R -3 c H,(La0.55 Pr0.1 Sr0.35) (Mn O3),293.0,0.101325,trigonal,(La0.55Pr0.1Sr0.35)(MnO3)
R -3 c H,(La0.8 Na0.2) ((Mn0.97 Ni0.03) O3),293.0,0.101325,trigonal,(La0.8Na0.2)((Mn0.97Ni0.03)O3)
R -3 c H,(La0.8 Na0.2) ((Mn0.94 Ni0.06) O3),293.0,0.101325,trigonal,(La0.8Na0.2)((Mn0.94Ni0.06)O3)
R 3 H,(Mg2.8 Mn0.1 Li0.1) (Te O6),295.0,0.101325,trigonal,(Mg2.8Mn0.1Li0.1)(TeO6)
R -3 m H,Ba4 Y (Mn2.998 Cu0.002) O11.5,293.0,0.101325,trigonal,Ba4Y(Mn2.998Cu0.002)O11.5
R -3 m H,Ba4 Y (Mn2.995 Cu0.005) O11.5,293.0,0.101325,trigonal,Ba4Y(Mn2.995Cu0.005)O11.5
R -3 m H,Ba4 Y (Mn2.99 Cu0.01) O11.5,293.0,0.101325,trigonal,Ba4Y(Mn2.99Cu0.01)O11.5
R -3 m H,Ba4 Y (Mn2.97 Cu0.02) O11.47,293.0,0.101325,trigonal,Ba4Y(Mn2.97Cu0.02)O11.47
R -3 m H,Ba4 Y (Mn2.95 Cu0.04) O11.45,293.0,0.101325,trigonal,Ba4Y(Mn2.95Cu0.04)O11.45
R -3 m H,Li Ni0.5 Co0.2 Mn0.3 O2,293.0,0.101325,trigonal,LiNi0.5Co0.2Mn0.3O2
R -3 c H,La0.8 Ba0.1 Ca0.1 Mn O3,293.0,0.101325,trigonal,La0.8Ba0.1Ca0.1MnO3
R -3 c H,(Mn (H2 O)6) (Si F6),295.0,0.101325,trigonal,(Mn(H2O)6)(SiF6)
R -3 m H,Li1.1 (Mn0.6 Co0.8 Ni0.6) O3,293.0,0.101325,trigonal,Li1.1(Mn0.6Co0.8Ni0.6)O3
R -3 m H,Na0.8 Cu0.18 Fe0.3 Mn0.52 O2,293.0,0.101325,trigonal,Na0.8Cu0.18Fe0.3Mn0.52O2
R 3 m H,Na0.8 Cu0.18 Fe0.3 Mn0.52 O2,293.0,0.101325,trigonal,Na0.8Cu0.18Fe0.3Mn0.52O2
R -3 m H,Na0.85 Cu0.18 Fe0.3 Mn0.52 O2,293.0,0.101325,trigonal,Na0.85Cu0.18Fe0.3Mn0.52O2
R -3 m H,Na0.9 Cu0.18 Fe0.3 Mn0.52 O2,293.0,0.101325,trigonal,Na0.9Cu0.18Fe0.3Mn0.52O2
R -3 m H,Li0.94 Ni0.8 Co0.1 Mn0.1 O2,293.0,0.101325,trigonal,Li0.94Ni0.8Co0.1Mn0.1O2
R -3 H,Zn1.87 Mg0.004 Mn0.23 Si O4,293.0,0.101325,trigonal,Zn1.87Mg0.004Mn0.23SiO4
R 3 c H,(Li0.82 Mn0.18) (Fe0.09 Nb0.91) O3,298.0,0.101325,trigonal,(Li0.82Mn0.18)(Fe0.09Nb0.91)O3
R 3 c H,(Li0.43 Mn0.57) (Fe0.28 Nb0.72) O3,298.0,0.101325,trigonal,(Li0.43Mn0.57)(Fe0.28Nb0.72)O3
R 3 c H,(Li0.67 Mn0.33) (Fe0.17 Nb0.83) O3,298.0,0.101325,trigonal,(Li0.67Mn0.33)(Fe0.17Nb0.83)O3
R 3 c H,(Li0.54 Mn0.46) (Fe0.23 Nb0.77) O3,298.0,0.101325,trigonal,(Li0.54Mn0.46)(Fe0.23Nb0.77)O3
R -3 m H,(Li0.975 Ni0.025) (Ni0.78 Mn0.12 Co0.1) O2,293.0,0.101325,trigonal,(Li0.975Ni0.025)(Ni0.78Mn0.12Co0.1)O2
R -3 m H,(Li0.998 Ni0.002) (Ni0.806 Mn0.094 Co0.1) O2,293.0,0.101325,trigonal,(Li0.998Ni0.002)(Ni0.806Mn0.094Co0.1)O2
R -3 c H,La0.48 Sr0.52 Ce0.06 Mn0.79 O2.55,293.0,0.101325,trigonal,La0.48Sr0.52Ce0.06Mn0.79O2.55
R -3 m H,Li1.02 Ni0.43 Mn0.57 Cr0.025 O2,293.0,0.101325,trigonal,Li1.02Ni0.43Mn0.57Cr0.025O2
R -3 c R,(La0.9 Sr0.1) (Cr0.5 Mn0.5) O3,293.0,0.101325,trigonal,(La0.9Sr0.1)(Cr0.5Mn0.5)O3
R -3 c H,(La0.6 Sr0.35 K0.05) (Mn O3),293.0,0.101325,trigonal,(La0.6Sr0.35K0.05)(MnO3)
R -3 c H,(La0.6 Sr0.3 K0.1) (Mn O3),293.0,0.101325,trigonal,(La0.6Sr0.3K0.1)(MnO3)
R -3 c H,(La0.6 Sr0.25 K0.15) (Mn O3),293.0,0.101325,trigonal,(La0.6Sr0.25K0.15)(MnO3)
R -3 c H,(La0.7 Sr0.3) ((Mn0.95 Sn0.05) O3),293.0,0.101325,trigonal,(La0.7Sr0.3)((Mn0.95Sn0.05)O3)
R -3 c H,(La0.7 Sr0.3) ((Mn0.9 Sn0.1) O3),293.0,0.101325,trigonal,(La0.7Sr0.3)((Mn0.9Sn0.1)O3)
R -3 c H,(La0.7 Sr0.3) ((Mn0.85 Sn0.15) O3),293.0,0.101325,trigonal,(La0.7Sr0.3)((Mn0.85Sn0.15)O3)
R -3 m H,Ba3 La3 (Mn2 W3 O18),293.0,0.101325,trigonal,Ba3La3(Mn2W3O18)
R -3 c H,(La0.7 Sr0.3) ((Mn0.97 Ti0.03) O3),300.0,0.101325,trigonal,(La0.7Sr0.3)((Mn0.97Ti0.03)O3)
R -3 c H,(La0.7 Sr0.3) ((Mn0.95 Ti0.05) O3),300.0,0.101325,trigonal,(La0.7Sr0.3)((Mn0.95Ti0.05)O3)
R -3 c H,(La0.7 Sr0.3) ((Mn0.9 Ti0.1) O3),300.0,0.101325,trigonal,(La0.7Sr0.3)((Mn0.9Ti0.1)O3)
R -3 c H,(La0.7 Sr0.3) ((Mn0.85 Ti0.15) O3),300.0,0.101325,trigonal,(La0.7Sr0.3)((Mn0.85Ti0.15)O3)
R -3 c H,(La0.7 Sr0.3) ((Mn0.8 Ti0.2) O3),300.0,0.101325,trigonal,(La0.7Sr0.3)((Mn0.8Ti0.2)O3)
R -3 m H,Ba7 Y2 (Mn3 Ti2 O19.992),293.0,0.101325,trigonal,Ba7Y2(Mn3Ti2O19.992)
R -3 m H,Ba7 Y2 (Mn3 Ti2 O20),293.0,0.101325,trigonal,Ba7Y2(Mn3Ti2O20)
R -3 m H,Li Ni0.45 Mn0.45 Al0.1 O2,293.0,0.101325,trigonal,LiNi0.45Mn0.45Al0.1O2
R -3 m H,Li0.5 Ni0.45 Mn0.45 Al0.1 O2,293.0,0.101325,trigonal,Li0.5Ni0.45Mn0.45Al0.1O2
R -3 c H,K3.07 Li0.93 Mn4 (Mo O4)6,293.0,0.101325,trigonal,K3.07Li0.93Mn4(MoO4)6
R -3 m H,Ba7 Ca2 (Mn3 Cr2 O20),298.0,0.101325,trigonal,Ba7Ca2(Mn3Cr2O20)
R -3 m H,Ba7 Ca2 (Mn3 V2 O20),298.0,0.101325,trigonal,Ba7Ca2(Mn3V2O20)
R -3 m H,(Li0.516 Ni0.046) (Li0.04 Ni0.286 Co0.327 Mn0.338) O2,293.0,0.101325,trigonal,(Li0.516Ni0.046)(Li0.04Ni0.286Co0.327Mn0.338)O2
R -3 c H,(La0.67 Ba0.33) (Mn0.95 Sn0.05) O3,293.0,0.101325,trigonal,(La0.67Ba0.33)(Mn0.95Sn0.05)O3
R -3 c H,(La0.67 Ba0.33) (Mn0.9 Sn0.1) O3,293.0,0.101325,trigonal,(La0.67Ba0.33)(Mn0.9Sn0.1)O3
R -3 c H,(La0.67 Ba0.33) (Mn0.85 Sn0.15) O3,293.0,0.101325,trigonal,(La0.67Ba0.33)(Mn0.85Sn0.15)O3
P 31 2 1,(Ca2.8 Mn1.12 Sb0.08) (Sb3.88 Mg0.12) O14,293.0,0.101325,trigonal,(Ca2.8Mn1.12Sb0.08)(Sb3.88Mg0.12)O14
R -3 c H,(La0.7 Sr0.19 Hg0.09) (Mn O3),300.0,0.101325,trigonal,(La0.7Sr0.19Hg0.09)(MnO3)
R -3 c H,(La0.7 Sr0.09 Hg0.18) (Mn O3),300.0,0.101325,trigonal,(La0.7Sr0.09Hg0.18)(MnO3)
R -3 c H,(La0.65 Eu0.05 Ba0.3) (Mn O3),293.0,0.101325,trigonal,(La0.65Eu0.05Ba0.3)(MnO3)
R -3 c H,(La0.6 Eu0.1 Ba0.3) (Mn O3),293.0,0.101325,trigonal,(La0.6Eu0.1Ba0.3)(MnO3)
R -3 c H,(La0.55 Eu0.15 Ba0.3) (Mn O3),293.0,0.101325,trigonal,(La0.55Eu0.15Ba0.3)(MnO3)
R -3 c H,(La0.7 Sr0.3) (Mn0.7 Cr0.3) O3,293.0,0.101325,trigonal,(La0.7Sr0.3)(Mn0.7Cr0.3)O3
R -3 c H,(La0.6 Ca0.4) ((Mn0.1 Co0.9) O3),293.0,0.101325,trigonal,(La0.6Ca0.4)((Mn0.1Co0.9)O3)
R -3 c H,(La0.67 Pb0.33) (Mn0.95 Co0.05) O3,293.0,0.101325,trigonal,(La0.67Pb0.33)(Mn0.95Co0.05)O3
R -3 c H,(La0.67 Pb0.33) (Mn0.9 Co0.1) O3,293.0,0.101325,trigonal,(La0.67Pb0.33)(Mn0.9Co0.1)O3
R -3 c H,(La0.67 Pb0.33) (Mn0.85 Co0.15) O3,293.0,0.101325,trigonal,(La0.67Pb0.33)(Mn0.85Co0.15)O3
R -3 c H,(La0.67 Pb0.33) (Mn0.8 Co0.2) O3,293.0,0.101325,trigonal,(La0.67Pb0.33)(Mn0.8Co0.2)O3
R -3 c H,(La0.67 Pb0.33) (Mn0.75 Co0.25) O3,293.0,0.101325,trigonal,(La0.67Pb0.33)(Mn0.75Co0.25)O3
R -3 c H,(La0.67 Pb0.33) (Mn0.7 Co0.3) O3,293.0,0.101325,trigonal,(La0.67Pb0.33)(Mn0.7Co0.3)O3
R -3 c H,(La0.8 Pb0.1 Na0.1) (Mn O3),293.0,0.101325,trigonal,(La0.8Pb0.1Na0.1)(MnO3)
R -3 H,Cs2 Mn Zr2 (Mo O4)6,293.0,0.101325,trigonal,Cs2MnZr2(MoO4)6
P -3 m 1,Cs (Mn0.5 Zr0.5) (Mo O4)2,293.0,0.101325,trigonal,Cs(Mn0.5Zr0.5)(MoO4)2
R -3 c H,(La0.67 Ba0.28 K0.05) Mn O3,293.0,0.101325,trigonal,(La0.67Ba0.28K0.05)MnO3
R -3 c H,(La0.67 Ba0.23 K0.1) Mn O3,293.0,0.101325,trigonal,(La0.67Ba0.23K0.1)MnO3
R -3 c H,(La0.67 Ba0.13 K0.2) Mn O3,293.0,0.101325,trigonal,(La0.67Ba0.13K0.2)MnO3
R -3 m H,(Li0.932 Ni0.068) (Ni0.802 Co0.099 Mn0.099) O2,293.0,0.101325,trigonal,(Li0.932Ni0.068)(Ni0.802Co0.099Mn0.099)O2
R -3 m H,Li Co0.333 Ni0.333 Mn0.333 O2,293.0,0.101325,trigonal,LiCo0.333Ni0.333Mn0.333O2
R -3 m H,Li0.84 Co0.333 Ni0.333 Mn0.333 O2,293.0,0.101325,trigonal,Li0.84Co0.333Ni0.333Mn0.333O2
R -3 m H,Li0.63 Co0.333 Ni0.333 Mn0.333 O2,293.0,0.101325,trigonal,Li0.63Co0.333Ni0.333Mn0.333O2
R -3 m H,Li0.58 Co0.333 Ni0.333 Mn0.333 O2,293.0,0.101325,trigonal,Li0.58Co0.333Ni0.333Mn0.333O2
R -3 m H,Li0.48 Co0.333 Ni0.333 Mn0.333 O2,293.0,0.101325,trigonal,Li0.48Co0.333Ni0.333Mn0.333O2
R -3 H,(Zn0.333 Mn0.37 Mg0.3) Ti O3,293.0,0.101325,trigonal,(Zn0.333Mn0.37Mg0.3)TiO3
R -3 c H,La0.7 Pb0.3 (Mn0.9 Co0.1) O3,296.0,0.101325,trigonal,La0.7Pb0.3(Mn0.9Co0.1)O3
R -3 c H,La0.7 Pb0.3 (Mn0.8 Co0.2) O3,280.0,0.101325,trigonal,La0.7Pb0.3(Mn0.8Co0.2)O3
R -3 H,Li Mn3 (Se O3)2 (H Se O3)6,293.0,0.101325,trigonal,LiMn3(SeO3)2(HSeO3)6
R 3 c H,(Li Ta)0.9 (Mn (Mn0.5 Mo0.5))0.1 O3,298.0,0.101325,trigonal,(LiTa)0.9(Mn(Mn0.5Mo0.5))0.1O3
R 3 c H,(Li Ta)0.8 (Mn (Mn0.5 Mo0.5))0.2 O3,298.0,0.101325,trigonal,(LiTa)0.8(Mn(Mn0.5Mo0.5))0.2O3
R 3 c H,(Li Ta)0.6 (Mn (Mn0.5 Mo0.5))0.4 O3,298.0,0.101325,trigonal,(LiTa)0.6(Mn(Mn0.5Mo0.5))0.4O3
R 3 c H,(Li Ta)0.7 (Mn (Mn0.5 Mo0.5))0.3 O3,298.0,0.101325,trigonal,(LiTa)0.7(Mn(Mn0.5Mo0.5))0.3O3
R -3 m H,Li Ni0.335 Co0.333 Mn0.333 O1.994,293.0,0.101325,trigonal,LiNi0.335Co0.333Mn0.333O1.994
R -3 m H,Li Ni0.335 Co0.333 Mn0.333 O1.997,293.0,0.101325,trigonal,LiNi0.335Co0.333Mn0.333O1.997
R -3 m H,Li Ni0.335 Co0.332 Mn0.332 O1.996,293.0,0.101325,trigonal,LiNi0.335Co0.332Mn0.332O1.996
R -3 m H,Li Ni0.335 Co0.333 Mn0.334 O1.996,293.0,0.101325,trigonal,LiNi0.335Co0.333Mn0.334O1.996
R -3 H,Na Mn3 (Se O3)2 (H Se O3)6,297.11,0.101325,trigonal,NaMn3(SeO3)2(HSeO3)6
R -3 c H,(La0.75 Sr0.25) (Cr0.5 Mn0.5) O3,293.0,0.101325,trigonal,(La0.75Sr0.25)(Cr0.5Mn0.5)O3
R -3 m H,(Li0.926 Ni0.074) (Ni0.676 Mn0.1 Co0.15 Li0.074) O2,293.0,0.101325,trigonal,(Li0.926Ni0.074)(Ni0.676Mn0.1Co0.15Li0.074)O2
R -3 m H,(Li0.943 Ni0.057) (Ni0.593 Mn0.2 Co0.15 Li0.057) O2,293.0,0.101325,trigonal,(Li0.943Ni0.057)(Ni0.593Mn0.2Co0.15Li0.057)O2
R -3 m H,(Li0.935 Ni0.065) (Ni0.385 Mn0.4 Co0.15 Li0.065) O2,293.0,0.101325,trigonal,(Li0.935Ni0.065)(Ni0.385Mn0.4Co0.15Li0.065)O2
R -3 c H,(La0.57 Nd0.1 Sr0.33) (Mn O3),293.0,0.101325,trigonal,(La0.57Nd0.1Sr0.33)(MnO3)
R 3 c H,(Bi0.97 Sm0.03) ((Fe0.93 Mn0.07) O3),293.0,0.101325,trigonal,(Bi0.97Sm0.03)((Fe0.93Mn0.07)O3)
R -3 c H,(La0.67 Pb0.28 Ag0.05) Mn O3,293.0,0.101325,trigonal,(La0.67Pb0.28Ag0.05)MnO3
R -3 c H,(La0.67 Pb0.23 Ag0.10) Mn O3,293.0,0.101325,trigonal,(La0.67Pb0.23Ag0.10)MnO3
R -3 c H,(La0.67 Pb0.18 Ag0.15) Mn O3,293.0,0.101325,trigonal,(La0.67Pb0.18Ag0.15)MnO3
R -3 m H,Li0.95 (Co0.4 Ni0.32 Mn0.27) O2,300.0,0.101325,trigonal,Li0.95(Co0.4Ni0.32Mn0.27)O2
R -3 c H,(La0.57 Eu0.1 Sr0.33) (Mn O3),293.0,0.101325,trigonal,(La0.57Eu0.1Sr0.33)(MnO3)
R -3 c H,(La0.47 Eu0.20 Sr0.33) (Mn O3),293.0,0.101325,trigonal,(La0.47Eu0.20Sr0.33)(MnO3)
R -3 c H,(La0.37 Eu0.30 Sr0.33) (Mn O3),293.0,0.101325,trigonal,(La0.37Eu0.30Sr0.33)(MnO3)
P -3,Na2 Ba Mn (V O4)2,293.0,0.101325,trigonal,Na2BaMn(VO4)2
R -3 m H,Li (Li0.24 Mn0.53 Ni0.07 Co0.16) O2,293.0,0.101325,trigonal,Li(Li0.24Mn0.53Ni0.07Co0.16)O2
R -3 c H,(La0.57 Nd0.1 Sr0.23) (Mn O3),293.0,0.101325,trigonal,(La0.57Nd0.1Sr0.23)(MnO3)
R -3 c H,(La0.57 Nd0.1 Sr0.18) (Mn O3),293.0,0.101325,trigonal,(La0.57Nd0.1Sr0.18)(MnO3)
R 3 c H,(Bi0.92 Nd0.08) (Fe0.9 Mn0.1) O3,293.0,0.101325,trigonal,(Bi0.92Nd0.08)(Fe0.9Mn0.1)O3
R -3 m H,Li0.26 (Ni0.5 Mn0.3 Co0.2) O2,293.0,0.101325,trigonal,Li0.26(Ni0.5Mn0.3Co0.2)O2
R -3 m H,(Li0.77 Ni0.054) (Li0.054 Ni0.446 Co0.2 Mn0.3) O2,293.0,0.101325,trigonal,(Li0.77Ni0.054)(Li0.054Ni0.446Co0.2Mn0.3)O2
R -3 m H,(Li0.52 Ni0.047) (Li0.047 Ni0.453 Co0.2 Mn0.3) O2,293.0,0.101325,trigonal,(Li0.52Ni0.047)(Li0.047Ni0.453Co0.2Mn0.3)O2
R -3 m H,(Li0.48 Ni0.060) (Li0.060 Ni0.44 Co0.2 Mn0.3) O2,293.0,0.101325,trigonal,(Li0.48Ni0.060)(Li0.060Ni0.44Co0.2Mn0.3)O2
R -3 m H,(Li0.53 Ni0.063) (Li0.063 Ni0.44 Co0.2 Mn0.3) O2,293.0,0.101325,trigonal,(Li0.53Ni0.063)(Li0.063Ni0.44Co0.2Mn0.3)O2
R -3 m H,Li0.42 (Ni0.5 Co0.2 Mn0.3) O2,293.0,0.101325,trigonal,Li0.42(Ni0.5Co0.2Mn0.3)O2
R -3 m H,Li0.34 (Ni0.5 Co0.2 Mn0.3) O2,293.0,0.101325,trigonal,Li0.34(Ni0.5Co0.2Mn0.3)O2
R -3 c R,(La0.4 Sr0.6) ((Mn0.5 Ti0.5) O3),300.0,0.101325,trigonal,(La0.4Sr0.6)((Mn0.5Ti0.5)O3)
R -3 c H,(La0.7 Ca0.2 Sr0.1) (Mn O3),293.0,0.101325,trigonal,(La0.7Ca0.2Sr0.1)(MnO3)
R -3 c H,(La0.7 Sr0.3) ((Mn0.85 Nb0.15) O3),300.0,0.101325,trigonal,(La0.7Sr0.3)((Mn0.85Nb0.15)O3)
R -3 c H,(La0.7 Sr0.3) ((Mn0.85 Mg0.15) O3),300.0,0.101325,trigonal,(La0.7Sr0.3)((Mn0.85Mg0.15)O3)
R -3 c H,(La0.57 Eu0.10 Sr0.33) (Mn O3),293.0,0.101325,trigonal,(La0.57Eu0.10Sr0.33)(MnO3)
R -3 c H,(La0.75 Sr0.25) ((Mn0.85 Cr0.15) O3),293.0,0.101325,trigonal,(La0.75Sr0.25)((Mn0.85Cr0.15)O3)
R -3 c H,(La0.75 Sr0.25) ((Mn0.8 Cr0.2) O3),293.0,0.101325,trigonal,(La0.75Sr0.25)((Mn0.8Cr0.2)O3)
R -3 c H,(La0.75 Sr0.25) ((Mn0.75 Cr0.25) O3),293.0,0.101325,trigonal,(La0.75Sr0.25)((Mn0.75Cr0.25)O3)
R -3 c H,(La0.7 Sr0.3) ((Mn0.7 Ti0.3) O3),293.0,0.101325,trigonal,(La0.7Sr0.3)((Mn0.7Ti0.3)O3)
R -3 c H,(La0.75 Sr0.1 Ca0.15) (Mn O3),293.0,0.101325,trigonal,(La0.75Sr0.1Ca0.15)(MnO3)
R -3 c H,(La0.67 Sr0.1 Ca0.23) (Mn O3),293.0,0.101325,trigonal,(La0.67Sr0.1Ca0.23)(MnO3)
R -3 m H,(Li0.94 Ni0.06) (Li0.06 Ni0.34 Mn0.4 Co0.2) O2,293.0,0.101325,trigonal,(Li0.94Ni0.06)(Li0.06Ni0.34Mn0.4Co0.2)O2
R -3 m H,(Li0.95 Ni0.05) (Li0.05 Ni0.35 Mn0.4 Co0.2) O2,293.0,0.101325,trigonal,(Li0.95Ni0.05)(Li0.05Ni0.35Mn0.4Co0.2)O2
R -3 m H,(Li0.957 Ni0.043) (Li0.043 Ni0.357 Mn0.4 Co0.2) O2,293.0,0.101325,trigonal,(Li0.957Ni0.043)(Li0.043Ni0.357Mn0.4Co0.2)O2
R -3 m H,(Li0.962 Ni0.038) (Li0.038 Ni0.362 Mn0.4 Co0.2) O2,293.0,0.101325,trigonal,(Li0.962Ni0.038)(Li0.038Ni0.362Mn0.4Co0.2)O2
R -3 m H,(Li0.937 Ni0.063) (Li0.063 Ni0.337 Mn0.4 Co0.2) O2,293.0,0.101325,trigonal,(Li0.937Ni0.063)(Li0.063Ni0.337Mn0.4Co0.2)O2
R -3 m H,(Li0.941 Ni0.059) (Li0.059 Ni0.341 Mn0.4 Co0.2) O2,293.0,0.101325,trigonal,(Li0.941Ni0.059)(Li0.059Ni0.341Mn0.4Co0.2)O2
R -3 m H,(Li0.951 Ni0.049) (Li0.049 Ni0.351 Mn0.4 Co0.2) O2,293.0,0.101325,trigonal,(Li0.951Ni0.049)(Li0.049Ni0.351Mn0.4Co0.2)O2
R -3 m H,(Li0.958 Ni0.042) (Li0.042 Ni0.358 Mn0.4 Co0.2) O2,293.0,0.101325,trigonal,(Li0.958Ni0.042)(Li0.042Ni0.358Mn0.4Co0.2)O2
R -3 c H,(La0.7 Ba0.2 Ca0.1) (Mn O3),293.0,0.101325,trigonal,(La0.7Ba0.2Ca0.1)(MnO3)
R -3 m R,Na6 Mn (Ti (Si O3)6),293.0,0.101325,trigonal,Na6Mn(Ti(SiO3)6)
R -3 H,Mn (Ti F6) (H2 O)6,293.0,0.101325,trigonal,Mn(TiF6)(H2O)6
R -3 m H,K Mn3 (Mo O4)2 O (O H),298.0,0.101325,trigonal,KMn3(MoO4)2O(OH)
R -3 c H,La0.6 Sr0.4 Fe0.67 Mn0.33 O2.998,293.0,0.101325,trigonal,La0.6Sr0.4Fe0.67Mn0.33O2.998
R -3 c H,La0.67 Pb0.28 Na0.05 (Mn O3),293.0,0.101325,trigonal,La0.67Pb0.28Na0.05(MnO3)
R -3 c H,La0.67 Pb0.23 Na0.10 (Mn O3),293.0,0.101325,trigonal,La0.67Pb0.23Na0.10(MnO3)
R -3 c H,La0.67 Pb0.18 Na0.15 (Mn O3),293.0,0.101325,trigonal,La0.67Pb0.18Na0.15(MnO3)
R -3 c H,La0.5 Sr0.5 Co0.5 Mn0.5 O3,300.0,0.101325,trigonal,La0.5Sr0.5Co0.5Mn0.5O3
R -3 c H,La0.4 Sr0.6 Co0.5 Mn0.5 O3,300.0,0.101325,trigonal,La0.4Sr0.6Co0.5Mn0.5O3
R -3 m H,Li0.594 Na0.035 Mn0.897 Ti0.103 O2,293.0,0.101325,trigonal,Li0.594Na0.035Mn0.897Ti0.103O2
R -3 m H,Ba2 La2 Mn W2 O12,293.0,0.101325,trigonal,Ba2La2MnW2O12
R -3 c H,La0.65 Ce0.05 Sr0.3 Mn O3,293.0,0.101325,trigonal,La0.65Ce0.05Sr0.3MnO3
R -3 c H,(La0.67 Sr0.33) (Mn0.95 V0.05) O3,293.0,0.101325,trigonal,(La0.67Sr0.33)(Mn0.95V0.05)O3
R -3 c H,(La0.67 Sr0.33) (Mn0.9 V0.1) O3,293.0,0.101325,trigonal,(La0.67Sr0.33)(Mn0.9V0.1)O3
R -3 c H,(La0.67 Sr0.33) (Mn0.85 V0.15) O3,293.0,0.101325,trigonal,(La0.67Sr0.33)(Mn0.85V0.15)O3
R -3 m H,Li0.959 Ni0.041 (Li0.245 Ni0.206 Mn0.433 Co0.116) O2,293.0,0.101325,trigonal,Li0.959Ni0.041(Li0.245Ni0.206Mn0.433Co0.116)O2
R -3 c H,(La0.8 Sr0.2) (Mn0.9 Sb0.1) O3,300.0,0.101325,trigonal,(La0.8Sr0.2)(Mn0.9Sb0.1)O3
R -3 c R,(La0.5 Sr0.5) (Mn0.5 Ti0.5) O3,293.0,0.101325,trigonal,(La0.5Sr0.5)(Mn0.5Ti0.5)O3
R -3 c H,(La0.67 Ba0.23 Ca0.1) Mn O3,293.0,0.101325,trigonal,(La0.67Ba0.23Ca0.1)MnO3
R -3 c H,(La0.52 Dy0.15 Pb0.33) Mn O3,293.0,0.101325,trigonal,(La0.52Dy0.15Pb0.33)MnO3
R -3 c H,(La0.47 Dy0.20 Pb0.33) Mn O3,293.0,0.101325,trigonal,(La0.47Dy0.20Pb0.33)MnO3
R -3 c H,K0.52 (Mn0.47 Zr0.45)2 (Mo O4)3,293.0,0.101325,trigonal,K0.52(Mn0.47Zr0.45)2(MoO4)3
R -3 c H,(La0.8 Ba0.1 Ca0.1) Mn O3,295.0,0.101325,trigonal,(La0.8Ba0.1Ca0.1)MnO3
P -3 m 1,Fe (Fe0.45 Mn2.55) Si2 Sn7 O16,298.0,0.101325,trigonal,Fe(Fe0.45Mn2.55)Si2Sn7O16
P -3 m 1,Fe (Fe1.40 Mn1.60) Si2 Sn7 O16,298.0,0.101325,trigonal,Fe(Fe1.40Mn1.60)Si2Sn7O16
P -3 m 1,Fe (Fe2.19 Mn0.81) Si2 Sn7 O16,298.0,0.101325,trigonal,Fe(Fe2.19Mn0.81)Si2Sn7O16
R -3 c H,(La0.6 Gd0.1 Sr0.3) Mn O3,295.0,0.101325,trigonal,(La0.6Gd0.1Sr0.3)MnO3
R -3 c H,(La0.7 Ca0.1 Pb0.2) Mn O3,295.0,0.101325,trigonal,(La0.7Ca0.1Pb0.2)MnO3
R -3 c H,La0.5 Sm0.1 Sr0.4 Mn O3,293.0,0.101325,trigonal,La0.5Sm0.1Sr0.4MnO3
R -3 c H,La0.67 Ba0.18 Zn0.15 Mn O3,293.0,0.101325,trigonal,La0.67Ba0.18Zn0.15MnO3
R -3 c H,La0.67 Ba0.13 Zn0.2 Mn O3,293.0,0.101325,trigonal,La0.67Ba0.13Zn0.2MnO3
P -3 m 1,Ba6 Na2 Nb2 Mn2 O17,293.0,0.101325,trigonal,Ba6Na2Nb2Mn2O17
P -3 m 1,Ba6 Na2 Ta2 Mn2 O17,293.0,0.101325,trigonal,Ba6Na2Ta2Mn2O17
R -3 c H,(La0.65 Eu0.05 Sr0.3) (Mn O3.007),293.0,0.101325,trigonal,(La0.65Eu0.05Sr0.3)(MnO3.007)
R -3 c H,(La0.65 Eu0.05 Sr0.2) (Mn O3.098),293.0,0.101325,trigonal,(La0.65Eu0.05Sr0.2)(MnO3.098)
R -3 c H,(La0.65 Eu0.05 Sr0.15) (Mn O3.134),293.0,0.101325,trigonal,(La0.65Eu0.05Sr0.15)(MnO3.134)
R -3 c H,La0.7 Sr0.3 Mn0.85 Nb0.15 O3,300.0,0.101325,trigonal,La0.7Sr0.3Mn0.85Nb0.15O3
R -3 c H,La0.7 Sr0.3 Mn0.85 Mg0.15 O3,300.0,0.101325,trigonal,La0.7Sr0.3Mn0.85Mg0.15O3
P -3 m 1,Cu2.826 Mn1.174 (O H)5.900 Cl2.100,293.0,0.101325,trigonal,Cu2.826Mn1.174(OH)5.900Cl2.100
R -3 m H,Li1.21 Ni0.27 Co0.13 Mn0.39 O2,293.0,0.101325,trigonal,Li1.21Ni0.27Co0.13Mn0.39O2
R -3 c H,La0.6 Pr0.1 Sr0.3 Mn O3,293.0,0.101325,trigonal,La0.6Pr0.1Sr0.3MnO3
R -3 m H,Li (Li0.2 Ni0.18 Co0.03 Mn0.58) O2,293.0,0.101325,trigonal,Li(Li0.2Ni0.18Co0.03Mn0.58)O2
R -3 c H,(La0.72 Ba0.23 Na0.028) Mn O3,293.0,0.101325,trigonal,(La0.72Ba0.23Na0.028)MnO3
R -3 c H,(La0.71 Ba0.15 Na0.076) Mn O2.97,293.0,0.101325,trigonal,(La0.71Ba0.15Na0.076)MnO2.97
R -3 c H,La0.7 Pb0.3 (Mn0.8 Fe0.2) O3,300.0,0.101325,trigonal,La0.7Pb0.3(Mn0.8Fe0.2)O3
R -3 c H,La0.7 Pb0.3 (Mn0.7 Fe0.3) O3,300.0,0.101325,trigonal,La0.7Pb0.3(Mn0.7Fe0.3)O3
R 3 m H,Na0.5796 Mn0.65 Co0.18 Ni0.17 O2,293.0,0.101325,trigonal,Na0.5796Mn0.65Co0.18Ni0.17O2
R -3 m H,Li1.019 Ni0.496 Co0.198 Mn0.297 O2,293.0,0.101325,trigonal,Li1.019Ni0.496Co0.198Mn0.297O2
R -3 m H,Li1.02 Ni0.49 Co0.196 Mn0.294 O2,293.0,0.101325,trigonal,Li1.02Ni0.49Co0.196Mn0.294O2
R -3 m H,Li1.029 Ni0.485 Co0.194 Mn0.291 O2,293.0,0.101325,trigonal,Li1.029Ni0.485Co0.194Mn0.291O2
R -3 m H,Li1.038 Ni0.481 Co0.192 Mn0.289 O2,293.0,0.101325,trigonal,Li1.038Ni0.481Co0.192Mn0.289O2
P -3,Ag2 Ba Mn (V O4)2,293.0,0.101325,trigonal,Ag2BaMn(VO4)2
R -3 c H,(La0.5 Sr0.5) (Mn0.5 Co0.5) O2.97,295.0,0.101325,trigonal,(La0.5Sr0.5)(Mn0.5Co0.5)O2.97
P -3 m 1,Ba K2 Mn (V O4)2,293.0,0.101325,trigonal,BaK2Mn(VO4)2
P -3,Ba Li2 Mn (V O4)2,293.0,0.101325,trigonal,BaLi2Mn(VO4)2
P -3 m 1,Ba Na2 Mn (V O4)2,293.0,0.101325,trigonal,BaNa2Mn(VO4)2
P -3,(Mn0.22 Ca0.06 Mg0.01) (Mn0.986 O2) O0.25 (H2 O)0.32,293.0,0.101325,trigonal,(Mn0.22Ca0.06Mg0.01)(Mn0.986O2)O0.25(H2O)0.32
R -3 m H,Li (Ni0.58 Co0.25 Mn0.17) O2,293.0,0.101325,trigonal,Li(Ni0.58Co0.25Mn0.17)O2
R -3 c H,(La0.665 Pr0.035 Ba0.3) (Mn O3),293.0,0.101325,trigonal,(La0.665Pr0.035Ba0.3)(MnO3)
R -3 c H,(La0.595 Pr0.105 Ba0.3) (Mn O3),293.0,0.101325,trigonal,(La0.595Pr0.105Ba0.3)(MnO3)
R -3 m H,Li Ni0.8 Co0.1 Mn0.1 O2,293.0,0.101325,trigonal,LiNi0.8Co0.1Mn0.1O2
R -3 c H,La0.85 Ba0.15 Mn0.98 Fe0.02 O3,293.0,0.101325,trigonal,La0.85Ba0.15Mn0.98Fe0.02O3
R -3 c H,La0.85 Ba0.15 Mn0.96 Fe0.04 O3,293.0,0.101325,trigonal,La0.85Ba0.15Mn0.96Fe0.04O3
R -3 c H,La0.85 Ba0.15 Mn0.94 Fe0.06 O3,293.0,0.101325,trigonal,La0.85Ba0.15Mn0.94Fe0.06O3
R -3 c H,La0.85 Ba0.15 Mn0.92 Fe0.08 O3,293.0,0.101325,trigonal,La0.85Ba0.15Mn0.92Fe0.08O3
R -3 c H,La0.85 Ba0.15 Mn0.9 Fe0.1 O3,293.0,0.101325,trigonal,La0.85Ba0.15Mn0.9Fe0.1O3
R -3 c H,La0.85 Ba0.15 Mn0.85 Fe0.15 O3,293.0,0.101325,trigonal,La0.85Ba0.15Mn0.85Fe0.15O3
R -3 c H,La0.85 Ba0.15 Mn0.8 Fe0.2 O3,293.0,0.101325,trigonal,La0.85Ba0.15Mn0.8Fe0.2O3
R -3 c H,La0.6 Ba0.4 Mn0.98 Fe0.02 O3,293.0,0.101325,trigonal,La0.6Ba0.4Mn0.98Fe0.02O3
R -3 c H,La0.6 Ba0.4 Mn0.96 Fe0.04 O3,293.0,0.101325,trigonal,La0.6Ba0.4Mn0.96Fe0.04O3
R -3 c H,La0.6 Ba0.4 Mn0.94 Fe0.06 O3,293.0,0.101325,trigonal,La0.6Ba0.4Mn0.94Fe0.06O3
R -3 c H,La0.6 Ba0.4 Mn0.92 Fe0.08 O3,293.0,0.101325,trigonal,La0.6Ba0.4Mn0.92Fe0.08O3
R -3 c H,La0.6 Ba0.4 Mn0.9 Fe0.1 O3,293.0,0.101325,trigonal,La0.6Ba0.4Mn0.9Fe0.1O3
R -3 c H,La0.6 Ba0.4 Mn0.85 Fe0.15 O3,293.0,0.101325,trigonal,La0.6Ba0.4Mn0.85Fe0.15O3
R -3 c H,La0.6 Ba0.4 Mn0.8 Fe0.2 O3,293.0,0.101325,trigonal,La0.6Ba0.4Mn0.8Fe0.2O3
R -3 c H,(La0.7 Sr0.3) (Cu0.1 Mn0.9) O3,293.0,0.101325,trigonal,(La0.7Sr0.3)(Cu0.1Mn0.9)O3
R -3 m H,Li Ni0.33 Mn0.33 Co0.33 O2,293.0,0.101325,trigonal,LiNi0.33Mn0.33Co0.33O2
R -3 m H,Mg1.55 Mn2.45 (O H)6 Cl2,300.0,0.101325,trigonal,Mg1.55Mn2.45(OH)6Cl2
R 3 c H,Bi0.85 Ca0.15 Fe0.6 Mn0.4 O3,300.0,0.101325,trigonal,Bi0.85Ca0.15Fe0.6Mn0.4O3
R -3 m H,Cu (Cr0.96 Mn0.03 V0.01) O2,293.0,0.101325,trigonal,Cu(Cr0.96Mn0.03V0.01)O2
P 3,Mn3 V0.5 (Si O4) O (O H)2,293.0,0.101325,trigonal,Mn3V0.5(SiO4)O(OH)2
R -3 c H,(La0.67 Sr0.33) (Mn0.95 Cr0.05) O3,293.0,0.101325,trigonal,(La0.67Sr0.33)(Mn0.95Cr0.05)O3
R -3 c H,(La0.67 Sr0.33) (Mn0.9 Cr0.1) O3,293.0,0.101325,trigonal,(La0.67Sr0.33)(Mn0.9Cr0.1)O3
R 3 c H,Bi0.9 Ca0.1 Fe0.6 Mn0.4 O3,300.0,0.101325,trigonal,Bi0.9Ca0.1Fe0.6Mn0.4O3
R -3 m H,Li (Li0.2 Ni0.16 Co0.08 Mn0.56) O2,293.0,0.101325,trigonal,Li(Li0.2Ni0.16Co0.08Mn0.56)O2
R -3 c H,(La0.7 Sr0.25 Nd0.05) (Mn O3),293.0,0.101325,trigonal,(La0.7Sr0.25Nd0.05)(MnO3)
R -3 m H,(Li0.9743 Ni0.0257) (Li0.0257 Ni0.8 Co0.15 Mn0.05) O2,293.0,0.101325,trigonal,(Li0.9743Ni0.0257)(Li0.0257Ni0.8Co0.15Mn0.05)O2
R -3 m H,(Li0.9843 Ni0.0155) (Li0.0155 Ni0.8 Co0.15 Mn0.05) O2,293.0,0.101325,trigonal,(Li0.9843Ni0.0155)(Li0.0155Ni0.8Co0.15Mn0.05)O2
R -3 m H,Li1.2 Co0.135 Ni0.12 Mn0.54 O2,293.0,0.101325,trigonal,Li1.2Co0.135Ni0.12Mn0.54O2
R -3 c H,La0.7 Sr0.25 Na0.05 Mn O3,293.0,0.101325,trigonal,La0.7Sr0.25Na0.05MnO3
R -3 c H,(La0.8 Sr0.16 K0.04) Mn O3,293.0,0.101325,trigonal,(La0.8Sr0.16K0.04)MnO3
R -3 c H,(La0.8 Sr0.14 K0.06) Mn O3,293.0,0.101325,trigonal,(La0.8Sr0.14K0.06)MnO3
R -3 c H,(La0.8 Sr0.12 K0.08) Mn O3,293.0,0.101325,trigonal,(La0.8Sr0.12K0.08)MnO3
R -3 m H,(Li0.9443 Ni0.0557) (Li0.0557 Ni0.7443 Co0.1 Mn0.1) O2,293.0,0.101325,trigonal,(Li0.9443Ni0.0557)(Li0.0557Ni0.7443Co0.1Mn0.1)O2
R -3 m H,(Li0.9344 Ni0.0656) (Li0.0656 Ni0.7344 Co0.1 Mn0.1) O2,293.0,0.101325,trigonal,(Li0.9344Ni0.0656)(Li0.0656Ni0.7344Co0.1Mn0.1)O2
R -3 m H,(Li0.9337 Ni0.0663) (Li0.0663 Ni0.7337 Co0.1 Mn0.1) O2,293.0,0.101325,trigonal,(Li0.9337Ni0.0663)(Li0.0663Ni0.7337Co0.1Mn0.1)O2
R -3 m H,(Li0.9333 Ni0.0667) (Li0.0667 Ni0.7333 Co0.1 Mn0.1) O2,293.0,0.101325,trigonal,(Li0.9333Ni0.0667)(Li0.0667Ni0.7333Co0.1Mn0.1)O2
R -3 m H,Na Ni0.2 Fe0.35 Mn0.45 O2,293.0,0.101325,trigonal,NaNi0.2Fe0.35Mn0.45O2
R -3 m H,Li Ni0.6 Co0.2 Mn0.2 O2,293.0,0.101325,trigonal,LiNi0.6Co0.2Mn0.2O2
R -3 c H,(La0.8 Sr0.2) (Mn0.9 Cu0.1) O3,293.0,0.101325,trigonal,(La0.8Sr0.2)(Mn0.9Cu0.1)O3
R 3 m H,Na0.67 Mn0.7 Ni0.2 Mg0.1 O2,293.0,0.101325,trigonal,Na0.67Mn0.7Ni0.2Mg0.1O2
R -3 c H,(La0.7 Sr0.1 Ag0.2) Mn O3,293.0,0.101325,trigonal,(La0.7Sr0.1Ag0.2)MnO3
R -3 c H,(La0.65 Sr0.15 Ag0.2) Mn O3,293.0,0.101325,trigonal,(La0.65Sr0.15Ag0.2)MnO3
R -3 c H,(La0.625 Sr0.175 Ag0.2) Mn O3,293.0,0.101325,trigonal,(La0.625Sr0.175Ag0.2)MnO3
R -3 c H,(La0.55 Sr0.25 Ag0.2) Mn O3,293.0,0.101325,trigonal,(La0.55Sr0.25Ag0.2)MnO3
R -3 c H,(La0.75 Bi0.1 Na0.15) Mn O3,293.0,0.101325,trigonal,(La0.75Bi0.1Na0.15)MnO3
R -3 c H,(La0.65 Bi0.2 Na0.15) Mn O3,293.0,0.101325,trigonal,(La0.65Bi0.2Na0.15)MnO3
R -3 c H,(La0.6 Bi0.25 Na0.15) Mn O3,293.0,0.101325,trigonal,(La0.6Bi0.25Na0.15)MnO3
R -3 c H,(La0.55 Bi0.3 Na0.15) Mn O3,293.0,0.101325,trigonal,(La0.55Bi0.3Na0.15)MnO3
R -3 m H,Li Ni0.83 Co0.11 Mn0.06 O2,293.0,0.101325,trigonal,LiNi0.83Co0.11Mn0.06O2
R -3 c H,La0.7 Ba0.15 Ca0.15 Mn O3,293.0,0.101325,trigonal,La0.7Ba0.15Ca0.15MnO3
R -3 c H,(La0.7 Sr0.3) (Co0.75 Mn0.25) O3,293.0,0.101325,trigonal,(La0.7Sr0.3)(Co0.75Mn0.25)O3
R -3 c H,(La0.7 Sr0.3) (Co0.5 Mn0.5) O3,293.0,0.101325,trigonal,(La0.7Sr0.3)(Co0.5Mn0.5)O3
R -3 c H,La0.62 Nd0.05 Ba0.33 Mn O3,293.0,0.101325,trigonal,La0.62Nd0.05Ba0.33MnO3
P -3 c 1,Ba2 Sn2 Mn Fe10 O22,300.0,0.101325,trigonal,Ba2Sn2MnFe10O22
R -3 m R,Mn1.98 Al3.72 Si8.28 O33.66 H19.32,293.0,0.101325,trigonal,Mn1.98Al3.72Si8.28O33.66H19.32
R -3 c H,Ca3 (Co0.95 Ni0.05) Mn O6,293.0,0.101325,trigonal,Ca3(Co0.95Ni0.05)MnO6
R -3 c H,Ca3 (Co0.9 Ni0.1) Mn O6,293.0,0.101325,trigonal,Ca3(Co0.9Ni0.1)MnO6
R -3 c H,Ca3 (Co0.85 Ni0.15) Mn O6,293.0,0.101325,trigonal,Ca3(Co0.85Ni0.15)MnO6
R -3 c H,(La0.7 Nd0.1 Sr0.2) Mn O3,293.0,0.101325,trigonal,(La0.7Nd0.1Sr0.2)MnO3
R -3 c H,(La0.62 Nd0.18 Sr0.2) Mn O3,293.0,0.101325,trigonal,(La0.62Nd0.18Sr0.2)MnO3
R -3 c H,(La0.6 Nd0.2 Sr0.2) Mn O3,293.0,0.101325,trigonal,(La0.6Nd0.2Sr0.2)MnO3
R -3 m H,Li0.956 Ni0.844 Co0.1 Mn0.1 O2,293.0,0.101325,trigonal,Li0.956Ni0.844Co0.1Mn0.1O2
R 3 c H,(Bi0.99 Gd0.01) (Fe0.95 Mn0.05) O3,293.0,0.101325,trigonal,(Bi0.99Gd0.01)(Fe0.95Mn0.05)O3
R 3 c H,(Bi0.99 Y0.01) (Fe0.95 Mn0.05) O3,293.0,0.101325,trigonal,(Bi0.99Y0.01)(Fe0.95Mn0.05)O3
R 3 2 H,K6 (Mn Mo9 O32) (H2 O)6,293.0,0.101325,trigonal,K6(MnMo9O32)(H2O)6
R -3 c H,(La0.5875 Er0.0125) Sr0.4 Mn O3,293.0,0.101325,trigonal,(La0.5875Er0.0125)Sr0.4MnO3
R -3 c H,(La0.55 Er0.05) Sr0.4 Mn O3,293.0,0.101325,trigonal,(La0.55Er0.05)Sr0.4MnO3
R -3 c H,(La0.5 Er0.1) Sr0.4 Mn O3,293.0,0.101325,trigonal,(La0.5Er0.1)Sr0.4MnO3
R -3 c H,Ca3 Co (Mn0.95 Cr0.05) O6,293.0,0.101325,trigonal,Ca3Co(Mn0.95Cr0.05)O6
R -3 c H,Ca3 Co (Mn0.9 Cr0.1) O6,293.0,0.101325,trigonal,Ca3Co(Mn0.9Cr0.1)O6
R -3 c H,Ca3 Co (Mn0.85 Cr0.15) O6,293.0,0.101325,trigonal,Ca3Co(Mn0.85Cr0.15)O6
R -3 c H,(La1.33 Na0.55) (Mn0.55 Ti1.45) O6,300.0,0.101325,trigonal,(La1.33Na0.55)(Mn0.55Ti1.45)O6
R -3 c H,(La1.33 Na0.44) (Mn0.44 Ti1.56) O6,300.0,0.101325,trigonal,(La1.33Na0.44)(Mn0.44Ti1.56)O6
R -3 c H,(La0.8 Sr0.083) (Mn (O2.783 F0.183)),293.0,0.101325,trigonal,(La0.8Sr0.083)(Mn(O2.783F0.183))
R -3 c H,(La0.717 Sr0.167) (Mn (O2.583 F0.333)),293.0,0.101325,trigonal,(La0.717Sr0.167)(Mn(O2.583F0.333))
R -3 c H,(La0.667 Sr0.317) (Mn (O2.383 F0.55)),293.0,0.101325,trigonal,(La0.667Sr0.317)(Mn(O2.383F0.55))
R -3 c H,(La0.667 Sr0.317) (Mn (O2.333 F0.633)),293.0,0.101325,trigonal,(La0.667Sr0.317)(Mn(O2.333F0.633))
R -3 c H,(La0.633 Sr0.35) (Mn (O2.183 F0.783)),293.0,0.101325,trigonal,(La0.633Sr0.35)(Mn(O2.183F0.783))
R -3 c H,(La0.633 Sr0.35) (Mn (O1.967 F0.967)),293.0,0.101325,trigonal,(La0.633Sr0.35)(Mn(O1.967F0.967))
R -3 m H,(Li0.98 Ni0.02) (Li0.05 Ni0.75 Co0.1 Mn0.1) O2,293.0,0.101325,trigonal,(Li0.98Ni0.02)(Li0.05Ni0.75Co0.1Mn0.1)O2
R -3 c H,La1.33 Na0.44 Mn0.44 Ti1.56 O6,293.0,0.101325,trigonal,La1.33Na0.44Mn0.44Ti1.56O6
R -3 c H,(La0.667 (Ba0.5 Ca0.5)0.333) Mn O3,293.0,0.101325,trigonal,(La0.667(Ba0.5Ca0.5)0.333)MnO3
R -3 m H,Li (Ni0.6 Co0.2 Mn0.2) O2,293.0,0.101325,trigonal,Li(Ni0.6Co0.2Mn0.2)O2
R -3 c H,(La0.6 Sr0.4) (Mn0.9 Al0.1 O3),293.0,0.101325,trigonal,(La0.6Sr0.4)(Mn0.9Al0.1O3)
R -3 c H,(La0.6 Sr0.4) (Mn0.85 Al0.15 O3),293.0,0.101325,trigonal,(La0.6Sr0.4)(Mn0.85Al0.15O3)
R -3 c H,(La0.6 Sr0.4) (Mn0.8 Al0.2 O3),293.0,0.101325,trigonal,(La0.6Sr0.4)(Mn0.8Al0.2O3)
R -3 m H,Li (Ni0.8 Co0.1 Mn0.1) O2,293.0,0.101325,trigonal,Li(Ni0.8Co0.1Mn0.1)O2
R -3 m H,(Li1.06 Mn0.61 Fe0.01 Ni0.24) O2,293.0,0.101325,trigonal,(Li1.06Mn0.61Fe0.01Ni0.24)O2
R -3 m H,(Ni0.811 Li0.011 Co0.115 Mn0.063) (Li0.989 Ni0.011) O2,293.0,0.101325,trigonal,(Ni0.811Li0.011Co0.115Mn0.063)(Li0.989Ni0.011)O2
R -3 c H,(La0.7 Ca0.26 Na0.04) Mn O3,293.0,0.101325,trigonal,(La0.7Ca0.26Na0.04)MnO3
R -3 c H,(La0.7 Ca0.24 Na0.06) Mn O3,293.0,0.101325,trigonal,(La0.7Ca0.24Na0.06)MnO3
R -3 c H,(La0.7 Ca0.22 Na0.08) Mn O3,293.0,0.101325,trigonal,(La0.7Ca0.22Na0.08)MnO3
R -3 c H,(La0.7 Ca0.2 Na0.1) Mn O3,293.0,0.101325,trigonal,(La0.7Ca0.2Na0.1)MnO3
R -3 c H,La0.7 Sr0.3 Mn0.99 Cu0.01 O3,293.0,0.101325,trigonal,La0.7Sr0.3Mn0.99Cu0.01O3
R -3 c H,La0.7 Sr0.3 Mn0.975 Cu0.025 O3,293.0,0.101325,trigonal,La0.7Sr0.3Mn0.975Cu0.025O3
R -3 c H,La0.7 Sr0.3 Mn0.96 Cu0.04 O3,293.0,0.101325,trigonal,La0.7Sr0.3Mn0.96Cu0.04O3
R -3 c H,La0.7 Sr0.3 Mn0.95 Cu0.05 O3,293.0,0.101325,trigonal,La0.7Sr0.3Mn0.95Cu0.05O3
R -3 c H,La0.7 Sr0.3 Mn0.925 Cu0.075 O3,293.0,0.101325,trigonal,La0.7Sr0.3Mn0.925Cu0.075O3
R -3 c H,La0.7 Sr0.3 Mn0.9 Cu0.1 O3,293.0,0.101325,trigonal,La0.7Sr0.3Mn0.9Cu0.1O3
R -3 c H,La0.7 Sr0.3 Mn0.875 Cu0.125 O3,293.0,0.101325,trigonal,La0.7Sr0.3Mn0.875Cu0.125O3
R -3 c H,La0.7 Sr0.3 Mn0.85 Cu0.15 O3,293.0,0.101325,trigonal,La0.7Sr0.3Mn0.85Cu0.15O3
R -3 c H,La0.7 Sr0.3 Mn0.9 Fe0.1 O3,293.0,0.101325,trigonal,La0.7Sr0.3Mn0.9Fe0.1O3
R -3 c H,La0.7 Sr0.3 Mn0.8 Fe0.2 O3,293.0,0.101325,trigonal,La0.7Sr0.3Mn0.8Fe0.2O3
R -3 c H,La0.7 Sr0.3 Mn0.7 Fe0.3 O3,293.0,0.101325,trigonal,La0.7Sr0.3Mn0.7Fe0.3O3
R -3 c H,(La0.67 Sr0.33) (Mn0.99 Sn0.01) O3,293.0,0.101325,trigonal,(La0.67Sr0.33)(Mn0.99Sn0.01)O3
R -3 m H,Li Ni0.827 Co0.0558 Mn0.1172 O2,293.0,0.101325,trigonal,LiNi0.827Co0.0558Mn0.1172O2
R -3 m H,Li Ni0.8269 Co0.0554 Mn0.1166 O2,293.0,0.101325,trigonal,LiNi0.8269Co0.0554Mn0.1166O2
R -3 m H,Li Ni0.8260 Co0.0551 Mn0.1164 O2,293.0,0.101325,trigonal,LiNi0.8260Co0.0551Mn0.1164O2
R -3 m H,Li Ni0.8234 Co0.0553 Mn0.1162 O2,293.0,0.101325,trigonal,LiNi0.8234Co0.0553Mn0.1162O2
R -3 c H,La0.57 Bi0.1 Sr0.33 Mn O3,293.0,0.101325,trigonal,La0.57Bi0.1Sr0.33MnO3
R -3 c H,La0.47 Bi0.2 Sr0.33 Mn O3,293.0,0.101325,trigonal,La0.47Bi0.2Sr0.33MnO3
R -3 c H,La0.37 Bi0.3 Sr0.33 Mn O3,293.0,0.101325,trigonal,La0.37Bi0.3Sr0.33MnO3
R -3 m H,Na (Ni0.5 Mn0.25 Ti0.25) O2,293.0,0.101325,trigonal,Na(Ni0.5Mn0.25Ti0.25)O2
R -3 c H,La Ba Fe1.2 Mn0.8 O6,293.0,0.101325,trigonal,LaBaFe1.2Mn0.8O6
R -3 c H,La0.75 K0.19 Sr0.06 Mn O3,293.0,0.101325,trigonal,La0.75K0.19Sr0.06MnO3
R -3 c H,La0.73 K0.21 Sr0.06 Mn O3,293.0,0.101325,trigonal,La0.73K0.21Sr0.06MnO3
R -3 c H,La0.72 K0.22 Sr0.06 Mn O3,293.0,0.101325,trigonal,La0.72K0.22Sr0.06MnO3
R -3 c H,La0.71 K0.23 Sr0.06 Mn O3,293.0,0.101325,trigonal,La0.71K0.23Sr0.06MnO3
R -3 c H,La0.69 K0.25 Sr0.06 Mn O3,293.0,0.101325,trigonal,La0.69K0.25Sr0.06MnO3
R -3 m H,Na Ce0.01 Ni0.5 Mn0.5 O2,293.0,0.101325,trigonal,NaCe0.01Ni0.5Mn0.5O2
R -3 m H,Na0.97 Ce0.06 Ni0.47 Mn0.5 O2,293.0,0.101325,trigonal,Na0.97Ce0.06Ni0.47Mn0.5O2
R -3 m H,Na0.85 Ce0.3 Ni0.35 Mn0.5 O2,293.0,0.101325,trigonal,Na0.85Ce0.3Ni0.35Mn0.5O2
P -3 m 1,Ni0.6 Co0.2 Mn0.2 (O H)2,293.0,0.101325,trigonal,Ni0.6Co0.2Mn0.2(OH)2
R -3 m H,Li0.96 Ni0.81 Co0.1 Mn0.1 O2,293.0,0.101325,trigonal,Li0.96Ni0.81Co0.1Mn0.1O2
R -3 c H,La0.8 Sr0.2 Mn0.9 Fe0.1 O3,293.0,0.101325,trigonal,La0.8Sr0.2Mn0.9Fe0.1O3
R -3 c H,La0.8 Sr0.2 Mn0.85 Fe0.15 O3,293.0,0.101325,trigonal,La0.8Sr0.2Mn0.85Fe0.15O3
R -3 m H,Li0.993 Ni0.8 Mn0.1 Co0.1 O2,293.0,0.101325,trigonal,Li0.993Ni0.8Mn0.1Co0.1O2
R -3 m H,Na Fe0.2 Mn0.4 Ni0.4 O2,293.0,0.101325,trigonal,NaFe0.2Mn0.4Ni0.4O2
P -3 m 1,Na0.1 (Ni0.5 Mn0.4 Ti0.1) O2,293.0,0.101325,trigonal,Na0.1(Ni0.5Mn0.4Ti0.1)O2
R -3 m H,Li Ni0.9 Co0.05 Mn0.05 O2,293.0,0.101325,trigonal,LiNi0.9Co0.05Mn0.05O2
R -3 m H,Li Ni0.8 (Mn0.17 Al0.03) O2,293.0,0.101325,trigonal,LiNi0.8(Mn0.17Al0.03)O2
R -3 m H,Li Ni0.8 (Mn0.15 Al0.05) O2,293.0,0.101325,trigonal,LiNi0.8(Mn0.15Al0.05)O2
R -3 m H,Li Ni0.8 (Mn0.1 Al0.1) O2,293.0,0.101325,trigonal,LiNi0.8(Mn0.1Al0.1)O2
R -3 m H,Na (Ni0.3 Fe0.2 Mn0.5) O2,293.0,0.101325,trigonal,Na(Ni0.3Fe0.2Mn0.5)O2
R -3 m H,Na0.6 Mn0.67 Ni0.22 Fe0.11 O2,293.0,0.101325,trigonal,Na0.6Mn0.67Ni0.22Fe0.11O2
R -3 m H,Na0.6 Mn0.62 Ni0.22 Fe0.16 O2,293.0,0.101325,trigonal,Na0.6Mn0.62Ni0.22Fe0.16O2
R -3 m H,Li Ni0.65 Co0.15 Mn0.2 O2,293.0,0.101325,trigonal,LiNi0.65Co0.15Mn0.2O2
R -3 m H,Na Cu0.2 Fe0.3 Mn0.5 O2,295.0,0.101325,trigonal,NaCu0.2Fe0.3Mn0.5O2
R -3 c H,(La0.8 Sr0.2) (Mn0.95 Ni0.05) O3,295.0,0.101325,trigonal,(La0.8Sr0.2)(Mn0.95Ni0.05)O3
R -3 c H,(La0.8 Sr0.2) (Mn0.90 Ni0.10) O3,295.0,0.101325,trigonal,(La0.8Sr0.2)(Mn0.90Ni0.10)O3
R -3 c H,(La0.8 Sr0.2) (Mn0.85 Ni0.15) O3,295.0,0.101325,trigonal,(La0.8Sr0.2)(Mn0.85Ni0.15)O3
R -3 m H,Na (Ni0.4 Mn0.4 Ti0.2) O2,293.0,0.101325,trigonal,Na(Ni0.4Mn0.4Ti0.2)O2
R -3 c H,(La0.67 Pb0.33) ((Mn0.99 Fe0.01) O3),293.0,0.101325,trigonal,(La0.67Pb0.33)((Mn0.99Fe0.01)O3)
R -3 c H,(La0.67 Pb0.33) ((Mn0.95 Fe0.05) O3),293.0,0.101325,trigonal,(La0.67Pb0.33)((Mn0.95Fe0.05)O3)
R -3 H,(La1.6 Sr0.4) (Co Mn O6),298.0,0.101325,trigonal,(La1.6Sr0.4)(CoMnO6)
R -3 m H,Li Ni0.5 Mn0.4 Ti0.1 O2,293.0,0.101325,trigonal,LiNi0.5Mn0.4Ti0.1O2
P -3,(Ca0.20 Mn0.01 K0.009) (Mn0.89 O2) (H2 O)0.6,293.0,0.101325,trigonal,(Ca0.20Mn0.01K0.009)(Mn0.89O2)(H2O)0.6
R -3 m H,Li (Ni0.2 Co0.6 Mn0.2) O2,293.0,0.101325,trigonal,Li(Ni0.2Co0.6Mn0.2)O2
R -3 c H,(La0.7 Sr0.3) ((Mn0.98 Fe0.02) O3),293.0,0.101325,trigonal,(La0.7Sr0.3)((Mn0.98Fe0.02)O3)
R -3 c H,(La0.7 Sr0.3) ((Mn0.96 Fe0.04) O3),293.0,0.101325,trigonal,(La0.7Sr0.3)((Mn0.96Fe0.04)O3)
R -3 c H,(La0.7 Sr0.3) ((Mn0.94 Fe0.06) O3),293.0,0.101325,trigonal,(La0.7Sr0.3)((Mn0.94Fe0.06)O3)
R -3 c H,(La0.7 Sr0.3) ((Mn0.92 Fe0.08) O3),293.0,0.101325,trigonal,(La0.7Sr0.3)((Mn0.92Fe0.08)O3)
R -3 c H,(La0.7 Sr0.3) ((Mn0.9 Fe0.1) O3),293.0,0.101325,trigonal,(La0.7Sr0.3)((Mn0.9Fe0.1)O3)
R -3 m H,Li (Ni0.33 Co0.33 Mn0.34) O2,293.0,0.101325,trigonal,Li(Ni0.33Co0.33Mn0.34)O2
R -3 m H,Li (Mg0.33 Co0.33 Mn0.34) O2,293.0,0.101325,trigonal,Li(Mg0.33Co0.33Mn0.34)O2
R -3 c H,(La0.75 Sr0.25) (Mn0.5 Cr0.5 O3),293.0,0.101325,trigonal,(La0.75Sr0.25)(Mn0.5Cr0.5O3)
R -3 c H,(La0.75 Sr0.25) (Mn0.3 Cr0.7 O3),293.0,0.101325,trigonal,(La0.75Sr0.25)(Mn0.3Cr0.7O3)
R -3 c H,(La0.7 Sr0.3) ((Mn0.8 Fe0.2) O3),293.0,0.101325,trigonal,(La0.7Sr0.3)((Mn0.8Fe0.2)O3)
R -3 c H,(La0.7 Sr0.3) ((Mn0.99 Cu0.01) O3),293.0,0.101325,trigonal,(La0.7Sr0.3)((Mn0.99Cu0.01)O3)
R -3 c H,(La0.7 Sr0.3) ((Mn0.975 Cu0.025) O3),293.0,0.101325,trigonal,(La0.7Sr0.3)((Mn0.975Cu0.025)O3)
R -3 c H,(La0.7 Sr0.3) ((Mn0.96 Cu0.04) O3),293.0,0.101325,trigonal,(La0.7Sr0.3)((Mn0.96Cu0.04)O3)
R -3 c H,(La0.7 Sr0.3) ((Mn0.95 Cu0.05) O3),293.0,0.101325,trigonal,(La0.7Sr0.3)((Mn0.95Cu0.05)O3)
R -3 c H,(La0.7 Sr0.3) ((Mn0.925 Cu0.075) O3),293.0,0.101325,trigonal,(La0.7Sr0.3)((Mn0.925Cu0.075)O3)
R -3 c H,(La0.7 Sr0.3) ((Mn0.9 Cu0.1) O3),293.0,0.101325,trigonal,(La0.7Sr0.3)((Mn0.9Cu0.1)O3)
R -3 c H,(La0.7 Sr0.3) ((Mn0.875 Cu0.125) O3),293.0,0.101325,trigonal,(La0.7Sr0.3)((Mn0.875Cu0.125)O3)
R -3 c H,(La0.7 Sr0.3) ((Mn0.85 Cu0.15) O3),293.0,0.101325,trigonal,(La0.7Sr0.3)((Mn0.85Cu0.15)O3)
R -3 m H,Li ((Ni0.65 Co0.25 Mn0.1) O2),293.0,0.101325,trigonal,Li((Ni0.65Co0.25Mn0.1)O2)
R -3 m H,(Li0.956 Ni0.044) ((Mn0.4 Ni0.356 Li0.044 Co0.2) O2),298.0,0.101325,trigonal,(Li0.956Ni0.044)((Mn0.4Ni0.356Li0.044Co0.2)O2)
R -3 c H,(La0.7 Sr0.3) ((Mn0.9 Ti0.1) O3),311.0,0.101325,trigonal,(La0.7Sr0.3)((Mn0.9Ti0.1)O3)
R -3 c H,(La0.7 Sr0.3) ((Mn0.8 Ti0.2) O3),281.0,0.101325,trigonal,(La0.7Sr0.3)((Mn0.8Ti0.2)O3)
R -3 c H,(La0.667 Sr0.25 K0.083) (Mn O3),293.0,0.101325,trigonal,(La0.667Sr0.25K0.083)(MnO3)
R -3 c H,(La0.667 Sr0.167 K0.166) (Mn O3),293.0,0.101325,trigonal,(La0.667Sr0.167K0.166)(MnO3)
R -3 m H,(Li0.98 Ni0.02) (Li0.14 (Ni0.354 Mn0.374 Co0.132)) O2,293.0,0.101325,trigonal,(Li0.98Ni0.02)(Li0.14(Ni0.354Mn0.374Co0.132))O2
R -3 m H,(Li0.98 Ni0.02) (Ni0.354 Mn0.374 Co0.132) O2,293.0,0.101325,trigonal,(Li0.98Ni0.02)(Ni0.354Mn0.374Co0.132)O2
R -3 m H,(Li0.7 Ni0.04) (Ni0.334 Mn0.374 Co0.132) O1.89,293.0,0.101325,trigonal,(Li0.7Ni0.04)(Ni0.334Mn0.374Co0.132)O1.89
R -3 c H,(La0.7 Ca0.26 Na0.04) (Mn O3),293.0,0.101325,trigonal,(La0.7Ca0.26Na0.04)(MnO3)
R -3 c H,(La0.7 Ca0.24 Na0.06) (Mn O3),293.0,0.101325,trigonal,(La0.7Ca0.24Na0.06)(MnO3)
R -3 c H,(La0.7 Ca0.22 Na0.08) (Mn O3),293.0,0.101325,trigonal,(La0.7Ca0.22Na0.08)(MnO3)
R -3 c H,(La0.7 Ca0.2 Na0.1) (Mn O3),293.0,0.101325,trigonal,(La0.7Ca0.2Na0.1)(MnO3)
R -3 c H,(La0.67 Pb0.33) ((Mn0.99 Co0.01) O2.97),293.0,0.101325,trigonal,(La0.67Pb0.33)((Mn0.99Co0.01)O2.97)
R -3 c H,(La0.67 Pb0.33) ((Mn0.97 Co0.03) O2.97),293.0,0.101325,trigonal,(La0.67Pb0.33)((Mn0.97Co0.03)O2.97)
R -3 c H,(La0.67 Pb0.33) ((Mn0.94 Co0.06) O2.97),293.0,0.101325,trigonal,(La0.67Pb0.33)((Mn0.94Co0.06)O2.97)
R -3 c H,(La0.67 Pb0.33) ((Mn0.9 Co0.1) O2.97),293.0,0.101325,trigonal,(La0.67Pb0.33)((Mn0.9Co0.1)O2.97)
R -3 c H,(La0.67 Pb0.33) ((Mn0.85 Co0.15) O2.97),293.0,0.101325,trigonal,(La0.67Pb0.33)((Mn0.85Co0.15)O2.97)
R -3 m H,Li (Co0.8 Ni0.1 Mn0.1) O2,293.0,0.101325,trigonal,Li(Co0.8Ni0.1Mn0.1)O2
R -3 m H,(Li0.977 Ni0.023) (Li0.023 Ni0.310 Co0.333 Mn0.333) O2,293.0,0.101325,trigonal,(Li0.977Ni0.023)(Li0.023Ni0.310Co0.333Mn0.333)O2
R -3 m H,(Li0.975 Ni0.025) (Li0.025 Ni0.308 Co0.333 Mn0.333) O2,293.0,0.101325,trigonal,(Li0.975Ni0.025)(Li0.025Ni0.308Co0.333Mn0.333)O2
R -3 m H,(Li0.981 Ni0.019) (Li0.019 Ni0.314 Co0.333 Mn0.333) O2,293.0,0.101325,trigonal,(Li0.981Ni0.019)(Li0.019Ni0.314Co0.333Mn0.333)O2
R -3 m H,(Li0.969 Ni0.031) (Li0.03 Ni0.302 Mn0.333 Co0.333) O2,293.0,0.101325,trigonal,(Li0.969Ni0.031)(Li0.03Ni0.302Mn0.333Co0.333)O2
R -3 m H,(Li0.968 Ni0.032) (Li0.04 Ni0.293 Mn0.333 Co0.333) O2,293.0,0.101325,trigonal,(Li0.968Ni0.032)(Li0.04Ni0.293Mn0.333Co0.333)O2
R -3 c H,(La0.5 Sr0.5) (Mn0.5 Ti0.5 O3),293.0,0.101325,trigonal,(La0.5Sr0.5)(Mn0.5Ti0.5O3)
R -3 m H,Li1.2 Ni0.23 Mn0.54 Fe0.03 O2,293.0,0.101325,trigonal,Li1.2Ni0.23Mn0.54Fe0.03O2
R -3 m H,Li1.2 Ni0.21 Mn0.54 Fe0.05 O2,293.0,0.101325,trigonal,Li1.2Ni0.21Mn0.54Fe0.05O2
R -3 m H,Li1.2 Ni0.18 Mn0.54 Fe0.08 O2,293.0,0.101325,trigonal,Li1.2Ni0.18Mn0.54Fe0.08O2
R -3 H,Li (Ni0.4 Co0.2 Mn0.4) O2,293.0,0.101325,trigonal,Li(Ni0.4Co0.2Mn0.4)O2
R -3 H,Li (Ni0.4 Al0.2 Mn0.4) O2,293.0,0.101325,trigonal,Li(Ni0.4Al0.2Mn0.4)O2
R -3 c H,(La0.7 Pb0.3) (Mn0.98 V0.02) O3,293.0,0.101325,trigonal,(La0.7Pb0.3)(Mn0.98V0.02)O3
R -3 c H,(La0.7 Pb0.3) (Mn0.96 V0.04) O3,293.0,0.101325,trigonal,(La0.7Pb0.3)(Mn0.96V0.04)O3
R -3 c H,(La0.7 Pb0.3) (Mn0.94 V0.06) O3,293.0,0.101325,trigonal,(La0.7Pb0.3)(Mn0.94V0.06)O3
R -3 c H,(La0.7 Pb0.3) (Mn0.92 V0.08) O3,293.0,0.101325,trigonal,(La0.7Pb0.3)(Mn0.92V0.08)O3
R -3 c H,(La0.7 Pb0.3) (Mn0.9 V0.1) O3,293.0,0.101325,trigonal,(La0.7Pb0.3)(Mn0.9V0.1)O3
R -3 m H,(Li0.99 Ni0.01) (Li0.01 Ni0.09 Mn0.1 Co0.8) O2,293.0,0.101325,trigonal,(Li0.99Ni0.01)(Li0.01Ni0.09Mn0.1Co0.8)O2
R -3 m H,(Li0.92 Ni0.01) (Ni0.09 Mn0.1 Co0.8) O2,293.0,0.101325,trigonal,(Li0.92Ni0.01)(Ni0.09Mn0.1Co0.8)O2
R -3 m H,(Li0.82 Ni0.01) (Ni0.09 Mn0.1 Co0.8) O2,293.0,0.101325,trigonal,(Li0.82Ni0.01)(Ni0.09Mn0.1Co0.8)O2
R -3 m H,(Li0.78 Ni0.01) (Ni0.09 Mn0.1 Co0.8) O2,293.0,0.101325,trigonal,(Li0.78Ni0.01)(Ni0.09Mn0.1Co0.8)O2
R -3 m H,(Li0.68 Ni0.01) (Ni0.09 Mn0.1 Co0.8) O2,293.0,0.101325,trigonal,(Li0.68Ni0.01)(Ni0.09Mn0.1Co0.8)O2
R -3 m H,(Li0.991 Ni0.009) (Li0.069 Ni0.304 Mn0.313 Co0.314) O2,293.0,0.101325,trigonal,(Li0.991Ni0.009)(Li0.069Ni0.304Mn0.313Co0.314)O2
P -3 m 1,Li0.04 Co0.333 Ni0.333 Mn0.333 O2,293.0,0.101325,trigonal,Li0.04Co0.333Ni0.333Mn0.333O2
R 3 2 H,(Zn (H2 O)3)3 (Mn Mo9 O32) (H2 O)4,293.0,0.101325,trigonal,(Zn(H2O)3)3(MnMo9O32)(H2O)4
R 3 2 H,(Mn (H2 O)4) (Co Mo9 O27 (O H)5) (H2 O)7,293.0,0.101325,trigonal,(Mn(H2O)4)(CoMo9O27(OH)5)(H2O)7
R -3 c H,(La0.7 Ca0.1 Ag0.2) (Mn O3),293.0,0.101325,trigonal,(La0.7Ca0.1Ag0.2)(MnO3)
R -3 m H,Li Ni0.83 Co0.07 Mn0.1 O2,293.0,0.101325,trigonal,LiNi0.83Co0.07Mn0.1O2
R -3 m H,Li Ni0.72 Co0.05 Mn0.23 O2,293.0,0.101325,trigonal,LiNi0.72Co0.05Mn0.23O2
R -3 m H,Na (Ni0.33 Fe0.33 Mn0.33) O2,293.0,0.101325,trigonal,Na(Ni0.33Fe0.33Mn0.33)O2
R 3 2 H,Ni3 (Mn Mo9 O32) (H2 O)11.5,293.0,0.101325,trigonal,Ni3(MnMo9O32)(H2O)11.5
P -3 1 m,Gd (Ge0.485 Mn0.015 Sb0.5)2 O6,293.0,0.101325,trigonal,Gd(Ge0.485Mn0.015Sb0.5)2O6
R 3 c H,(Bi0.9 Ba0.1) (Fe0.9 Mn0.1) O3,293.0,0.101325,trigonal,(Bi0.9Ba0.1)(Fe0.9Mn0.1)O3
R -3 m H,(Li0.981 Ni0.019) ((Li0.019 Ni0.031 Mn0.05 Co0.9) O2),293.0,0.101325,trigonal,(Li0.981Ni0.019)((Li0.019Ni0.031Mn0.05Co0.9)O2)
R -3 m H,(Li0.983 Ni0.017) ((Li0.017 Ni0.033 Mn0.05 Co0.9) O2),293.0,0.101325,trigonal,(Li0.983Ni0.017)((Li0.017Ni0.033Mn0.05Co0.9)O2)
R -3 m H,(Li0.985 Ni0.015) ((Li0.0157 Ni0.035 Mn0.05 Co0.9) O2),293.0,0.101325,trigonal,(Li0.985Ni0.015)((Li0.0157Ni0.035Mn0.05Co0.9)O2)
R -3 m H,(Li0.957 Ni0.043) ((Li0.043 Ni0.107 Mn0.15 Co0.7) O2),293.0,0.101325,trigonal,(Li0.957Ni0.043)((Li0.043Ni0.107Mn0.15Co0.7)O2)
R -3 m H,(Li0.951 Ni0.049) ((Li0.049 Ni0.101 Mn0.15 Co0.7) O2),293.0,0.101325,trigonal,(Li0.951Ni0.049)((Li0.049Ni0.101Mn0.15Co0.7)O2)
R -3 m H,(Li0.949 Ni0.051) ((Li0.051 Ni0.099 Mn0.15 Co0.7) O2),293.0,0.101325,trigonal,(Li0.949Ni0.051)((Li0.051Ni0.099Mn0.15Co0.7)O2)
R -3 m H,(Li0.95 Ni0.05) ((Li0.05 Ni0.25 Mn0.30 Co0.4) O2),293.0,0.101325,trigonal,(Li0.95Ni0.05)((Li0.05Ni0.25Mn0.30Co0.4)O2)
R -3 m H,(Li0.948 Ni0.052) ((Li0.052 Ni0.248 Mn0.30 Co0.4) O2),293.0,0.101325,trigonal,(Li0.948Ni0.052)((Li0.052Ni0.248Mn0.30Co0.4)O2)
R -3 m H,(Li0.942 Ni0.058) ((Li0.058 Ni0.242 Mn0.30 Co0.4) O2),293.0,0.101325,trigonal,(Li0.942Ni0.058)((Li0.058Ni0.242Mn0.30Co0.4)O2)
R -3 m H,(Li0.926 Ni0.074) ((Li0.074 Ni0.376 Mn0.45 Co0.1) O2),293.0,0.101325,trigonal,(Li0.926Ni0.074)((Li0.074Ni0.376Mn0.45Co0.1)O2)
R -3 m H,(Li0.914 Ni0.086) ((Li0.086 Ni0.364 Mn0.45 Co0.1) O2),293.0,0.101325,trigonal,(Li0.914Ni0.086)((Li0.086Ni0.364Mn0.45Co0.1)O2)
R -3 m H,(Li0.912 Ni0.088) ((Li0.088 Ni0.362 Mn0.45 Co0.1) O2),293.0,0.101325,trigonal,(Li0.912Ni0.088)((Li0.088Ni0.362Mn0.45Co0.1)O2)
R -3 m H,Li Ni0.358 Mn0.358 Co0.283 O2,293.0,0.101325,trigonal,LiNi0.358Mn0.358Co0.283O2
R -3 m H,Li Ni0.383 Mn0.383 Co0.233 O2,293.0,0.101325,trigonal,LiNi0.383Mn0.383Co0.233O2
R -3 m H,Li Ni0.408 Mn0.408 Co0.183 O2,293.0,0.101325,trigonal,LiNi0.408Mn0.408Co0.183O2
R -3 m H,Li Ni0.333 Mn0.333 Co0.333 O2,293.0,0.101325,trigonal,LiNi0.333Mn0.333Co0.333O2
R -3 m H,(Li0.932 Ni0.068) (Ni0.8 Co0.1 Mn0.1) O2,293.0,0.101325,trigonal,(Li0.932Ni0.068)(Ni0.8Co0.1Mn0.1)O2
R -3 m H,Na (Ni0.33 Mn0.33 Co0.33) O2,293.0,0.101325,trigonal,Na(Ni0.33Mn0.33Co0.33)O2
R 3 m H,Na0.8 (Ni0.33 Mn0.33 Co0.33) O2,293.0,0.101325,trigonal,Na0.8(Ni0.33Mn0.33Co0.33)O2
R -3 m H,(Li0.987 Ni0.013) (Li0.044 Ni0.310 Co0.323 Mn0.323) O2,293.0,0.101325,trigonal,(Li0.987Ni0.013)(Li0.044Ni0.310Co0.323Mn0.323)O2
R -3 c H,(La0.67 Ba0.33) (Mn0.98 Cr0.02 O3),293.0,0.101325,trigonal,(La0.67Ba0.33)(Mn0.98Cr0.02O3)
R -3 c H,(La0.67 Ba0.33) (Mn0.95 Cr0.05 O3),293.0,0.101325,trigonal,(La0.67Ba0.33)(Mn0.95Cr0.05O3)
R -3 c H,(La0.67 Ba0.33) (Mn0.9 Cr0.1 O3),293.0,0.101325,trigonal,(La0.67Ba0.33)(Mn0.9Cr0.1O3)
R -3 c H,(La0.67 Ba0.33) (Mn0.9 Cr0.1) O3,293.0,0.101325,trigonal,(La0.67Ba0.33)(Mn0.9Cr0.1)O3
R -3 m H,(Li0.975 Ni0.025) (Co0.33 Ni0.309 Li0.025 Mn0.33) O2,293.0,0.101325,trigonal,(Li0.975Ni0.025)(Co0.33Ni0.309Li0.025Mn0.33)O2
R -3 c H,(La0.8 Ba0.2) ((Mn0.95 Fe0.05) O3),293.0,0.101325,trigonal,(La0.8Ba0.2)((Mn0.95Fe0.05)O3)
R -3 c H,(La0.8 Ba0.2) ((Mn0.9 Fe0.1) O3),293.0,0.101325,trigonal,(La0.8Ba0.2)((Mn0.9Fe0.1)O3)
R -3 c H,(La0.6 Sr0.2 Ba0.2) (Mn O3),293.0,0.101325,trigonal,(La0.6Sr0.2Ba0.2)(MnO3)
R -3 c H,(La0.6 Sr0.2 Ba0.15) (Mn O3),293.0,0.101325,trigonal,(La0.6Sr0.2Ba0.15)(MnO3)
R -3 c H,(La0.6 Sr0.2 Ba0.1) (Mn O3),293.0,0.101325,trigonal,(La0.6Sr0.2Ba0.1)(MnO3)
R -3 c H,(La0.6 Sr0.2 Ba0.05) (Mn O3),293.0,0.101325,trigonal,(La0.6Sr0.2Ba0.05)(MnO3)
R -3 c H,(La0.7 Sr0.3) (Mn0.9 Cr0.1) O3,298.0,0.101325,trigonal,(La0.7Sr0.3)(Mn0.9Cr0.1)O3
R -3 c H,(La0.7 Sr0.3) (Mn0.9 Fe0.1) O3,298.0,0.101325,trigonal,(La0.7Sr0.3)(Mn0.9Fe0.1)O3
R -3 c H,(La0.7 Sr0.3) (Mn0.9 Cu0.1) O3,298.0,0.101325,trigonal,(La0.7Sr0.3)(Mn0.9Cu0.1)O3
R -3 m H,Li (Li0.134 Mn0.470 Ni0.257 Co0.138) O2,293.0,0.101325,trigonal,Li(Li0.134Mn0.470Ni0.257Co0.138)O2
R -3 m H,Li (Li0.137 Mn0.473 Ni0.252 Co0.137) O2,293.0,0.101325,trigonal,Li(Li0.137Mn0.473Ni0.252Co0.137)O2
R -3 m H,Li (Li0.149 Mn0.467 Ni0.246 Co0.137) O2,293.0,0.101325,trigonal,Li(Li0.149Mn0.467Ni0.246Co0.137)O2
R -3 m H,Li (Li0.136 Mn0.467 Ni0.258 Co0.139) O2,293.0,0.101325,trigonal,Li(Li0.136Mn0.467Ni0.258Co0.139)O2
R -3 c H,(La0.67 Sr0.33) ((Mn0.95 Ni0.05) O3),293.0,0.101325,trigonal,(La0.67Sr0.33)((Mn0.95Ni0.05)O3)
R -3 c H,(La0.67 Sr0.33) ((Mn0.9 Ni0.1) O3),293.0,0.101325,trigonal,(La0.67Sr0.33)((Mn0.9Ni0.1)O3)
R -3 c H,(La0.67 Sr0.33) ((Mn0.67 Ni0.33) O3),293.0,0.101325,trigonal,(La0.67Sr0.33)((Mn0.67Ni0.33)O3)
R -3 c H,(La0.67 Sr0.33) (Mn0.97 Co0.03) O3,293.0,0.101325,trigonal,(La0.67Sr0.33)(Mn0.97Co0.03)O3
R -3 c H,(La0.67 Sr0.33) (Mn0.95 Co0.05) O3,293.0,0.101325,trigonal,(La0.67Sr0.33)(Mn0.95Co0.05)O3
R -3 c H,(La0.67 Sr0.33) (Mn0.9 Co0.1) O3,293.0,0.101325,trigonal,(La0.67Sr0.33)(Mn0.9Co0.1)O3
R -3 c H,(La0.644 Sr0.129 Nd0.129 Mn0.099) Mn0.97 O3,293.0,0.101325,trigonal,(La0.644Sr0.129Nd0.129Mn0.099)Mn0.97O3
R -3 c H,(La0.7 Sr0.3) ((Mn0.98 Cr0.02) O3),293.0,0.101325,trigonal,(La0.7Sr0.3)((Mn0.98Cr0.02)O3)
R -3 c H,(La0.7 Sr0.3) ((Mn0.96 Cr0.04) O3),293.0,0.101325,trigonal,(La0.7Sr0.3)((Mn0.96Cr0.04)O3)
R -3 c H,(La0.7 Sr0.3) ((Mn0.94 Cr0.06) O3),293.0,0.101325,trigonal,(La0.7Sr0.3)((Mn0.94Cr0.06)O3)
R -3 c H,(La0.7 Sr0.3) ((Mn0.92 Cr0.08) O3),293.0,0.101325,trigonal,(La0.7Sr0.3)((Mn0.92Cr0.08)O3)
R -3 c H,(La0.7 Sr0.3) ((Mn0.9 Cr0.1) O3),293.0,0.101325,trigonal,(La0.7Sr0.3)((Mn0.9Cr0.1)O3)
R -3 H,H0.12 (Zn1.89 Mn0.05) (Si O4),293.0,0.101325,trigonal,H0.12(Zn1.89Mn0.05)(SiO4)
R -3 m H,Li (Mn0.375 Ni0.375 Co0.25) O2,293.0,0.101325,trigonal,Li(Mn0.375Ni0.375Co0.25)O2
R -3 c H,(La0.34 Pr0.33 Ba0.33) (Mn O2.971),293.0,0.101325,trigonal,(La0.34Pr0.33Ba0.33)(MnO2.971)
R -3 c H,(La0.34 Nd0.33 Ba0.33) (Mn O2.977),293.0,0.101325,trigonal,(La0.34Nd0.33Ba0.33)(MnO2.977)
R -3 c H,(La0.34 Sm0.33 Ba0.33) (Mn O2.945),293.0,0.101325,trigonal,(La0.34Sm0.33Ba0.33)(MnO2.945)
R -3 c H,(La0.34 Gd0.33 Ba0.33) (Mn O3.028),293.0,0.101325,trigonal,(La0.34Gd0.33Ba0.33)(MnO3.028)
R -3 m H,Li (Mn0.63 Ni0.24 Co0.13) O2,293.0,0.101325,trigonal,Li(Mn0.63Ni0.24Co0.13)O2
R -3 c H,(La0.65 Ca0.30 Ba0.05) (Mn O3),293.0,0.101325,trigonal,(La0.65Ca0.30Ba0.05)(MnO3)
R -3 c H,(La0.65 Ca0.25 Ba0.1) (Mn O3),293.0,0.101325,trigonal,(La0.65Ca0.25Ba0.1)(MnO3)
R -3 c H,(La0.65 Ca0.20 Ba0.15) (Mn O3),293.0,0.101325,trigonal,(La0.65Ca0.20Ba0.15)(MnO3)
R -3 c H,(La0.8 Ba0.2) ((Mn0.85 Fe0.15) O3),293.0,0.101325,trigonal,(La0.8Ba0.2)((Mn0.85Fe0.15)O3)
R -3 c H,(La0.8 Ba0.2) ((Mn0.8 Fe0.2) O3),293.0,0.101325,trigonal,(La0.8Ba0.2)((Mn0.8Fe0.2)O3)
R -3 c H,(La0.7 Sr0.3) ((Mn0.85 Sb0.15) O3),300.0,0.101325,trigonal,(La0.7Sr0.3)((Mn0.85Sb0.15)O3)
R -3 c H,(La0.6 Pr0.1 Sr0.3) (Mn O3),293.0,0.101325,trigonal,(La0.6Pr0.1Sr0.3)(MnO3)
R -3 m H,Li (Ni0.33 Co0.33 Mn0.33) O2,293.0,0.101325,trigonal,Li(Ni0.33Co0.33Mn0.33)O2
R -3 c H,(La0.5 Sr0.5) ((Mn0.9 Ti0.1) O3),293.0,0.101325,trigonal,(La0.5Sr0.5)((Mn0.9Ti0.1)O3)
R -3 c H,(La0.5 Sr0.5) ((Mn0.7 Ti0.3) O3),293.0,0.101325,trigonal,(La0.5Sr0.5)((Mn0.7Ti0.3)O3)
R -3 c H,(La0.5 Sr0.5) ((Mn0.5 Ti0.5) O3),293.0,0.101325,trigonal,(La0.5Sr0.5)((Mn0.5Ti0.5)O3)
R 3 H,K6 (Mn Mo9 O32) (H2 O)5.52,293.0,0.101325,trigonal,K6(MnMo9O32)(H2O)5.52
R -3 m H,(Li0.975 Ni0.025) (Ni0.776 Li0.024 Co0.1 Mn0.1) O2,293.0,0.101325,trigonal,(Li0.975Ni0.025)(Ni0.776Li0.024Co0.1Mn0.1)O2
R -3 m H,(Li0.961 Ni0.039) (Ni0.763 Li0.037 Co0.1 Mn0.1) O2,293.0,0.101325,trigonal,(Li0.961Ni0.039)(Ni0.763Li0.037Co0.1Mn0.1)O2
R -3 m H,(Li0.951 Ni0.049) (Ni0.772 Li0.028 Co0.1 Mn0.1) O2,293.0,0.101325,trigonal,(Li0.951Ni0.049)(Ni0.772Li0.028Co0.1Mn0.1)O2
R -3 m H,(Li0.944 Ni0.056) (Ni0.766 Li0.034 Co0.1 Mn0.1) O2,293.0,0.101325,trigonal,(Li0.944Ni0.056)(Ni0.766Li0.034Co0.1Mn0.1)O2
R -3 m H,(Li0.741 Ni0.259) (Ni0.726 Li0.074 Co0.1 Mn0.1) O2,293.0,0.101325,trigonal,(Li0.741Ni0.259)(Ni0.726Li0.074Co0.1Mn0.1)O2
R -3 m H,Na0.914 Ni0.489 Mn0.287 Ti0.224 O2,293.0,0.101325,trigonal,Na0.914Ni0.489Mn0.287Ti0.224O2
R -3 m H,Na0.969 (Ni0.388 Fe0.184 Mn0.379) O1.980,293.0,0.101325,trigonal,Na0.969(Ni0.388Fe0.184Mn0.379)O1.980
R -3 m H,Na0.915 (Ni0.375 Fe0.202 Mn0.308) O1.961,293.0,0.101325,trigonal,Na0.915(Ni0.375Fe0.202Mn0.308)O1.961
R -3 m H,(Li0.966 Ni0.034) (Ni0.757 Li0.043 Co0.1 Mn0.1) O2,293.0,0.101325,trigonal,(Li0.966Ni0.034)(Ni0.757Li0.043Co0.1Mn0.1)O2
R -3 m H,(Li0.966 Ni0.034) (Ni0.756 Li0.044 Co0.1 Mn0.1) O2,293.0,0.101325,trigonal,(Li0.966Ni0.034)(Ni0.756Li0.044Co0.1Mn0.1)O2
R -3 m H,(Li0.979 Ni0.021) (Ni0.757 Li0.043 Co0.1 Mn0.1) O2,293.0,0.101325,trigonal,(Li0.979Ni0.021)(Ni0.757Li0.043Co0.1Mn0.1)O2
R -3 m H,Li (Ni0.425 Mn0.425 Co0.15) O2,293.0,0.101325,trigonal,Li(Ni0.425Mn0.425Co0.15)O2
R -3 m H,(Li0.927 Ni0.073) (Li0.073 Ni0.352 Mn0.425 Co0.15) O2,293.0,0.101325,trigonal,(Li0.927Ni0.073)(Li0.073Ni0.352Mn0.425Co0.15)O2
R -3 m H,(Li0.93 Ni0.07) (Li0.07 Ni0.355 Mn0.425 Co0.15) O2,293.0,0.101325,trigonal,(Li0.93Ni0.07)(Li0.07Ni0.355Mn0.425Co0.15)O2
R -3 c H,La0.57 Pr0.1 Ba0.33 Mn O3,293.0,0.101325,trigonal,La0.57Pr0.1Ba0.33MnO3
R -3 c H,La0.47 Pr0.2 Ba0.33 Mn O3,293.0,0.101325,trigonal,La0.47Pr0.2Ba0.33MnO3
R -3 c H,(La0.8 Na0.2) (Mn0.94 Bi0.06) O3,293.0,0.101325,trigonal,(La0.8Na0.2)(Mn0.94Bi0.06)O3
R -3 m H,Na0.76 Mn0.33 Ni0.33 Co0.33 O2,293.0,0.101325,trigonal,Na0.76Mn0.33Ni0.33Co0.33O2
P -3 m 1,(Ni0.5 Co0.2 Mn0.3) (O H)2,298.0,0.101325,trigonal,(Ni0.5Co0.2Mn0.3)(OH)2
R -3 m H,Na Ni0.2 Mn0.4 Cu0.2 O2,293.0,0.101325,trigonal,NaNi0.2Mn0.4Cu0.2O2
R -3 c H,Ca2.7 Sr0.3 Co Mn O6,293.0,0.101325,trigonal,Ca2.7Sr0.3CoMnO6
R -3 c H,Ca2.4 Sr0.6 Co Mn O6,293.0,0.101325,trigonal,Ca2.4Sr0.6CoMnO6
R -3 c H,Ca2.1 Sr0.9 Co Mn O6,293.0,0.101325,trigonal,Ca2.1Sr0.9CoMnO6
R -3 m H,Na0.67 Ni0.29 Mn0.63 Al0.08 O2,293.0,0.101325,trigonal,Na0.67Ni0.29Mn0.63Al0.08O2
R -3 m H,Na Ni0.4 Fe0.2 Mn0.4 O2,293.0,0.101325,trigonal,NaNi0.4Fe0.2Mn0.4O2
R -3 c H,La0.67 Ca0.28 Ag0.05 Mn O3,293.0,0.101325,trigonal,La0.67Ca0.28Ag0.05MnO3
R -3 c H,La0.642 Ca0.174 Ag0.144 Mn1.002 O3,293.0,0.101325,trigonal,La0.642Ca0.174Ag0.144Mn1.002O3
R -3 c H,La0.63 Ca0.18 Ag0.162 Mn1.002 O3,293.0,0.101325,trigonal,La0.63Ca0.18Ag0.162Mn1.002O3
R -3 c H,La0.67 Ca0.13 Ag0.2 Mn O3,293.0,0.101325,trigonal,La0.67Ca0.13Ag0.2MnO3
R -3 c H,La0.67 Ca0.05 Ag0.28 Mn O3,293.0,0.101325,trigonal,La0.67Ca0.05Ag0.28MnO3
R -3 m H,(Li0.963 Ni0.037) (Ni0.293 Co0.33 Mn0.33) O2,293.0,0.101325,trigonal,(Li0.963Ni0.037)(Ni0.293Co0.33Mn0.33)O2
R -3 m H,(Li0.81 Ni0.039) (Ni0.291 Co0.33 Mn0.33) O2,293.0,0.101325,trigonal,(Li0.81Ni0.039)(Ni0.291Co0.33Mn0.33)O2
R -3 m H,(Li0.69 Ni0.032) (Ni0.301 Co0.33 Mn0.33) O2,293.0,0.101325,trigonal,(Li0.69Ni0.032)(Ni0.301Co0.33Mn0.33)O2
R -3 m H,(Li0.57 Ni0.023) (Ni0.310 Co0.33 Mn0.33) O2,293.0,0.101325,trigonal,(Li0.57Ni0.023)(Ni0.310Co0.33Mn0.33)O2
R -3 m H,(Li0.49 Ni0.032) (Ni0.301 Co0.33 Mn0.33) O2,293.0,0.101325,trigonal,(Li0.49Ni0.032)(Ni0.301Co0.33Mn0.33)O2
R -3 m H,(Li0.40 Ni0.031) (Ni0.302 Co0.33 Mn0.33) O2,293.0,0.101325,trigonal,(Li0.40Ni0.031)(Ni0.302Co0.33Mn0.33)O2
R -3 m H,(Li0.31 Ni0.030) (Ni0.3 Co0.33 Mn0.33) O2,293.0,0.101325,trigonal,(Li0.31Ni0.030)(Ni0.3Co0.33Mn0.33)O2
R -3 m H,(Li0.24 Ni0.032) (Ni0.301 Co0.33 Mn0.33) O2,293.0,0.101325,trigonal,(Li0.24Ni0.032)(Ni0.301Co0.33Mn0.33)O2
R -3 c H,La0.67 Sr0.33 Mn0.85 Fe0.15 O3,293.0,0.101325,trigonal,La0.67Sr0.33Mn0.85Fe0.15O3
R -3 c H,La0.67 Sr0.33 Mn0.75 Fe0.25 O3,293.0,0.101325,trigonal,La0.67Sr0.33Mn0.75Fe0.25O3
R -3 c H,La0.67 Sr0.33 Mn0.65 Fe0.35 O3,293.0,0.101325,trigonal,La0.67Sr0.33Mn0.65Fe0.35O3
R -3 c H,(La0.7 Ba0.3) (Mn0.95 Al0.05) O3,293.0,0.101325,trigonal,(La0.7Ba0.3)(Mn0.95Al0.05)O3
R -3 c H,(La0.7 Ba0.3) (Mn0.90 Al0.10) O3,293.0,0.101325,trigonal,(La0.7Ba0.3)(Mn0.90Al0.10)O3
R -3 c H,(La0.7 Ba0.3) (Mn0.85 Al0.15) O3,293.0,0.101325,trigonal,(La0.7Ba0.3)(Mn0.85Al0.15)O3
R 3 c H,(Bi0.97 Y0.03) (Fe0.95 Mn0.05) O3,293.0,0.101325,trigonal,(Bi0.97Y0.03)(Fe0.95Mn0.05)O3
R 3 c H,(Bi0.94 Y0.06) (Fe0.95 Mn0.05) O3,293.0,0.101325,trigonal,(Bi0.94Y0.06)(Fe0.95Mn0.05)O3
R 3 c H,(Bi0.88 Y0.12) (Fe0.95 Mn0.05) O3,293.0,0.101325,trigonal,(Bi0.88Y0.12)(Fe0.95Mn0.05)O3
R -3 c H,La0.8 Na0.2 Mn0.97 Bi0.03 O3,293.0,0.101325,trigonal,La0.8Na0.2Mn0.97Bi0.03O3
R -3 c H,La0.5875 Gd0.0125 Sr0.4 Mn O3,293.0,0.101325,trigonal,La0.5875Gd0.0125Sr0.4MnO3
R -3 c H,La0.55 Gd0.05 Sr0.4 Mn O3,293.0,0.101325,trigonal,La0.55Gd0.05Sr0.4MnO3
R -3 c H,La0.50 Gd0.10 Sr0.4 Mn O3,293.0,0.101325,trigonal,La0.50Gd0.10Sr0.4MnO3
P 3,Mn6 Nb0.92 (Si O4)2 O3.58 (O H)2.42,293.0,0.101325,trigonal,Mn6Nb0.92(SiO4)2O3.58(OH)2.42
R 3 c H,Bi0.8 Ba0.2 Fe0.9 Mn0.1 O3,293.0,0.101325,trigonal,Bi0.8Ba0.2Fe0.9Mn0.1O3
R 3 c H,Bi0.8 Ba0.2 Fe0.8 Mn0.2 O3,293.0,0.101325,trigonal,Bi0.8Ba0.2Fe0.8Mn0.2O3
R -3 c H,(La0.8 Ba0.05 Ca0.15) (Mn O3),293.0,0.101325,trigonal,(La0.8Ba0.05Ca0.15)(MnO3)
R -3 c H,(La0.8 Ba0.1 Ca0.1) (Mn O3),293.0,0.101325,trigonal,(La0.8Ba0.1Ca0.1)(MnO3)
R -3 c H,(La0.60 Bi0.05 Ca0.35) (Mn O3),293.0,0.101325,trigonal,(La0.60Bi0.05Ca0.35)(MnO3)
R -3 c H,(La0.55 Bi0.10 Ca0.35) (Mn O3),293.0,0.101325,trigonal,(La0.55Bi0.10Ca0.35)(MnO3)
R -3 c H,(La0.45 Bi0.20 Ca0.35) (Mn O3),293.0,0.101325,trigonal,(La0.45Bi0.20Ca0.35)(MnO3)
R -3 c H,(La0.75 Pr0.1)0.85 Ag0.15 Mn O3,293.0,0.101325,trigonal,(La0.75Pr0.1)0.85Ag0.15MnO3
R -3 c H,(La0.65 Pr0.2)0.85 Ag0.15 Mn O3,293.0,0.101325,trigonal,(La0.65Pr0.2)0.85Ag0.15MnO3
R -3 c H,(La0.7 Sr0.3) (Mn0.96 Al0.04) O3,295.0,0.101325,trigonal,(La0.7Sr0.3)(Mn0.96Al0.04)O3
R -3 c H,(La0.7 Sr0.3) (Mn0.96 In0.04) O3,295.0,0.101325,trigonal,(La0.7Sr0.3)(Mn0.96In0.04)O3
R 3 c H,(Bi0.9 La0.1) (Fe0.9 Mn0.1) O3,293.0,0.101325,trigonal,(Bi0.9La0.1)(Fe0.9Mn0.1)O3
R -3 c H,(Bi0.1 La0.9) (Fe0.1 Mn0.9) O3,293.0,0.101325,trigonal,(Bi0.1La0.9)(Fe0.1Mn0.9)O3
R -3 c H,(La0.67 Sr0.28 Mg0.05) Mn O3,293.0,0.101325,trigonal,(La0.67Sr0.28Mg0.05)MnO3
R -3 c H,(La0.67 Sr0.18 Mg0.15) Mn O3,293.0,0.101325,trigonal,(La0.67Sr0.18Mg0.15)MnO3
R -3 c H,(La0.67 Sr0.13 Mg0.20) Mn O3,293.0,0.101325,trigonal,(La0.67Sr0.13Mg0.20)MnO3
R -3 m H,Na Ni0.4 Mn0.4 Co0.2 O2,293.0,0.101325,trigonal,NaNi0.4Mn0.4Co0.2O2
R -3 m H,Na0.912 Ni0.4 Mn0.4 Co0.2 O2,293.0,0.101325,trigonal,Na0.912Ni0.4Mn0.4Co0.2O2
R -3 c H,La0.7 Te0.3 (Mn0.9 Co0.1 O3),293.0,0.101325,trigonal,La0.7Te0.3(Mn0.9Co0.1O3)
R -3 c H,La0.90 Li0.08 Na0.02 Mn O3,293.0,0.101325,trigonal,La0.90Li0.08Na0.02MnO3
R -3 c H,La0.90 Li0.06 Na0.04 Mn O3,293.0,0.101325,trigonal,La0.90Li0.06Na0.04MnO3
R -3 c H,La0.90 Li0.04 Na0.06 Mn O3,293.0,0.101325,trigonal,La0.90Li0.04Na0.06MnO3
R -3 c H,La0.90 Li0.02 Na0.08 Mn O3,293.0,0.101325,trigonal,La0.90Li0.02Na0.08MnO3
R -3 m H,Li1.167 Ni0.4 Mn0.383 Co0.05 O2,293.0,0.101325,trigonal,Li1.167Ni0.4Mn0.383Co0.05O2
R -3 c H,La0.7 Sr0.1 Ag0.025 Mn0.849 O2.510,293.0,0.101325,trigonal,La0.7Sr0.1Ag0.025Mn0.849O2.510
R -3 c H,La0.7 Sr0.1 Ag0.050 Mn0.866 O2.574,293.0,0.101325,trigonal,La0.7Sr0.1Ag0.050Mn0.866O2.574
R -3 c H,La0.7 Sr0.1 Ag0.075 Mn0.879 O2.632,293.0,0.101325,trigonal,La0.7Sr0.1Ag0.075Mn0.879O2.632
R -3 c H,La0.7 Sr0.1 Ag0.100 Mn0.905 O2.708,293.0,0.101325,trigonal,La0.7Sr0.1Ag0.100Mn0.905O2.708
R -3 c H,Ba0.7 La1.3 Fe Mn O6,300.0,0.101325,trigonal,Ba0.7La1.3FeMnO6
R 3 c H,Bi0.88 Ca0.12 Fe0.88 Mn0.12 O3,293.0,0.101325,trigonal,Bi0.88Ca0.12Fe0.88Mn0.12O3
R -3 m H,Li (Ni0.333 Co0.333 Mn0.333) O2,293.0,0.101325,trigonal,Li(Ni0.333Co0.333Mn0.333)O2
R -3 c H,La0.8 Sm0.05 K0.15 Mn O3,293.0,0.101325,trigonal,La0.8Sm0.05K0.15MnO3
R -3 c H,La0.75 Sm0.1 K0.15 Mn O3,293.0,0.101325,trigonal,La0.75Sm0.1K0.15MnO3
R -3 c H,La0.70 Sm0.15 K0.15 Mn O3,293.0,0.101325,trigonal,La0.70Sm0.15K0.15MnO3
R -3 c H,La0.80 Sm0.05 Na0.15 Mn O3,293.0,0.101325,trigonal,La0.80Sm0.05Na0.15MnO3
R -3 c H,La0.75 Sm0.1 Na0.15 Mn O3,293.0,0.101325,trigonal,La0.75Sm0.1Na0.15MnO3
R -3 c H,La0.70 Sm0.15 Na0.15 Mn O3,293.0,0.101325,trigonal,La0.70Sm0.15Na0.15MnO3
R -3 c H,(La0.5 Bi0.1 Sr0.4) Mn O3,293.0,0.101325,trigonal,(La0.5Bi0.1Sr0.4)MnO3
R -3 c H,(La0.45 Bi0.15 Sr0.4) Mn O3,293.0,0.101325,trigonal,(La0.45Bi0.15Sr0.4)MnO3
R -3 c H,(La0.4 Bi0.2 Sr0.4) Mn O3,293.0,0.101325,trigonal,(La0.4Bi0.2Sr0.4)MnO3
R -3 c H,(La0.35 Bi0.25 Sr0.4) Mn O3,293.0,0.101325,trigonal,(La0.35Bi0.25Sr0.4)MnO3
R -3 c H,(La0.3 Bi0.3 Sr0.4) Mn O3,293.0,0.101325,trigonal,(La0.3Bi0.3Sr0.4)MnO3
R 3 c H,(Bi0.95 Nd0.05) (Fe0.97 Mn0.03) O3,293.0,0.101325,trigonal,(Bi0.95Nd0.05)(Fe0.97Mn0.03)O3
P -1,Mn Bi (Se O3)2 Cl,293.0,0.101325,triclinic,MnBi(SeO3)2Cl
P -1,Mn0.806 Ca0.162 Mg0.032 (Si O3),293.0,0.101325,triclinic,Mn0.806Ca0.162Mg0.032(SiO3)
P -1,K (K0.72 Na0.28) Mn (Si4 O10),293.0,0.101325,triclinic,K(K0.72Na0.28)Mn(Si4O10)
P -1,Mn9 Al2 Si8 O24 (O H)8,293.0,0.101325,triclinic,Mn9Al2Si8O24(OH)8
P -1,K2 Mn (Se O4)2 (H2 O)2,293.0,0.101325,triclinic,K2Mn(SeO4)2(H2O)2
P -1,Ca2 Mn7 (Si10 O28) (O H)2 (H2 O)5,293.0,0.101325,triclinic,Ca2Mn7(Si10O28)(OH)2(H2O)5
C -1,(Mn3.14 Mg0.86) (Mn0.4 Ca0.6) (Si O3)5,293.0,0.101325,triclinic,(Mn3.14Mg0.86)(Mn0.4Ca0.6)(SiO3)5
P -1,Na Mn2 (Si3 O8 (O H)),293.0,0.101325,triclinic,NaMn2(Si3O8(OH))
P -1,(Mn0.857 Ca0.082 Mg0.061) Mn4 (Si5 O15),293.0,0.101325,triclinic,(Mn0.857Ca0.082Mg0.061)Mn4(Si5O15)
P -1,(Ag0.15 Na1.85) Mn2 (Mo O4)3,298.0,0.101325,triclinic,(Ag0.15Na1.85)Mn2(MoO4)3
C -1,(Mn0.915 Fe0.0021 Mg0.083) (Si O3),293.0,0.101325,triclinic,(Mn0.915Fe0.0021Mg0.083)(SiO3)
C -1,Mn3 Zn Ca Si5 O15,293.0,0.101325,triclinic,Mn3ZnCaSi5O15
P -1,(Co (H2 O)6)2 (Mn F4 (H2 O)2) (Mn F6),301.9,0.101325,triclinic,(Co(H2O)6)2(MnF4(H2O)2)(MnF6)
C -1,Na0.60 (Mn2 O4) (D2 O) (H2 O)0.5,298.0,0.101325,triclinic,Na0.60(Mn2O4)(D2O)(H2O)0.5
P -1,Ca Mn (H As O4)2 (H2 O)2,293.0,0.101325,triclinic,CaMn(HAsO4)2(H2O)2
P -1,Cu3 Mn2 F12 (H2 O)12,293.0,0.101325,triclinic,Cu3Mn2F12(H2O)12
P -1,(Mn3.00 Ca1.93 Fe0.84 Fe0.17) (Si5.94 Fe0.06) O18,293.0,0.101325,triclinic,(Mn3.00Ca1.93Fe0.84Fe0.17)(Si5.94Fe0.06)O18
I -1,Ba La Mn Mo O6,295.0,0.101325,triclinic,BaLaMnMoO6
P -1,(Mn (H2 O)4)2 (H2 Si W12 O40)2 (H2 O)13,293.0,0.101325,triclinic,(Mn(H2O)4)2(H2SiW12O40)2(H2O)13
P -1,(Ca0.81 Mn0.19) Mn3 Fe (Si5 O15),293.0,0.101325,triclinic,(Ca0.81Mn0.19)Mn3Fe(Si5O15)
P -1,Li0.725 Mn3.92 Na0.27 Si5 O15,296.0,0.101325,triclinic,Li0.725Mn3.92Na0.27Si5O15
P -1,K Na Mn (Si4 O10),296.0,0.101325,triclinic,KNaMn(Si4O10)
P -1,Ag Al0.74 Mn3.26 (Mo O4)5,298.0,0.101325,triclinic,AgAl0.74Mn3.26(MoO4)5
P -1,(Ca2 Na) Ca Mn (V2 O7) (V3 O10),293.0,0.101325,triclinic,(Ca2Na)CaMn(V2O7)(V3O10)
P -1,Mn Sm (Se O3)2 Cl,293.0,0.101325,triclinic,MnSm(SeO3)2Cl
P -1,Mn (Mo O3) (Se O3) (H2 O),296.0,0.101325,triclinic,Mn(MoO3)(SeO3)(H2O)
P -1,Mn3 (Sb2 O2) (V O4)1.87 (Sb O3)0.13 Cl2,293.0,0.101325,triclinic,Mn3(Sb2O2)(VO4)1.87(SbO3)0.13Cl2
P -1,Mn3 (Sb2 O2) (V O4)1.9 (Sb O3)0.10 Cl2,293.0,0.101325,triclinic,Mn3(Sb2O2)(VO4)1.9(SbO3)0.10Cl2
P -1,Mn3 (Sb2 O2) (V O4)1.92 (Sb O3)0.08 Cl2,293.0,0.101325,triclinic,Mn3(Sb2O2)(VO4)1.92(SbO3)0.08Cl2
P -1,Mn3.065 (Fe7 Fe4) O3 (Sb4.363 As8.742 O34),293.0,0.101325,triclinic,Mn3.065(Fe7Fe4)O3(Sb4.363As8.742O34)
P -1,Mg0.50 Mn0.43 Ca0.07 Mn3 O7 (H2 O)3,293.0,0.101325,triclinic,Mg0.50Mn0.43Ca0.07Mn3O7(H2O)3
P -1,K Mn Cl3 (H2 O)2,293.0,0.101325,triclinic,KMnCl3(H2O)2
P -1,Rb (Mn Cl3) (H2 O)2,293.0,0.101325,triclinic,Rb(MnCl3)(H2O)2
P -1,Cs2 Mn Cl4 (H2 O)2,293.0,0.101325,triclinic,Cs2MnCl4(H2O)2
P -1,Rb2 (Mn Cl4) (H2 O)2,293.0,0.101325,triclinic,Rb2(MnCl4)(H2O)2
P -1,K (Mn Cl3) (H2 O)2,293.0,0.101325,triclinic,K(MnCl3)(H2O)2
P -1,Mn (H2 O)6 (B10 Cl10) (H2 O)2.5,293.0,0.101325,triclinic,Mn(H2O)6(B10Cl10)(H2O)2.5
P -1,Mn2 Na (Si3 O8) (O H),293.0,0.101325,triclinic,Mn2Na(Si3O8)(OH)
P -1,Na4 (Mn Mo8 O27) (H2 O)20,293.0,0.101325,triclinic,Na4(MnMo8O27)(H2O)20
P -1,K5 Mn V11 O32 (H2 O)10,293.0,0.101325,triclinic,K5MnV11O32(H2O)10
P -1,K5 (H3 Mn3 V12 O40) (H2 O)8,293.0,0.101325,triclinic,K5(H3Mn3V12O40)(H2O)8
C -1,Li Mn (As O4) (O H),293.0,0.101325,triclinic,LiMn(AsO4)(OH)
C -1,Mn5 Al (Si3 Al) O10 (O H)8,293.0,0.101325,triclinic,Mn5Al(Si3Al)O10(OH)8
P -1,H32 K2 Mn2 O44 V10,293.0,0.101325,triclinic,H32K2Mn2O44V10
P -1,Mn2.06 Mg0.08 K0.06 O5.62 (H2 O)0.72,293.0,0.101325,triclinic,Mn2.06Mg0.08K0.06O5.62(H2O)0.72
P -1,Mn (U O2 As O4)2 (H2 O)12,293.0,0.101325,triclinic,Mn(UO2AsO4)2(H2O)12
P -1,Mn (U O2 As O4)2 (H2 O)8,293.0,0.101325,triclinic,Mn(UO2AsO4)2(H2O)8
P -1,Na4 Mn (Mn Mo9 O32) (H2 O)11.5,293.0,0.101325,triclinic,Na4Mn(MnMo9O32)(H2O)11.5
P -1,Mn0.81 Cu4 (As O4)2 (As O3 O H)2 (H2 O)10,300.0,0.101325,triclinic,Mn0.81Cu4(AsO4)2(AsO3OH)2(H2O)10
I -1,Sr La Fe Mn O6,293.0,0.101325,triclinic,SrLaFeMnO6
P -1,Mn2.8 Fe2.8 Mg1.4 (Si7 O21),293.0,0.101325,triclinic,Mn2.8Fe2.8Mg1.4(Si7O21)
P -1,(La6 (H2 O)25) (Mn V12 O38) (H Mn V13 O38) (H2 O)31,293.0,0.101325,triclinic,(La6(H2O)25)(MnV12O38)(HMnV13O38)(H2O)31
P -1,(Ce6 (H2 O)25) (Mn V12 O38) (H Mn V13 O38) (H2 O)29,293.0,0.101325,triclinic,(Ce6(H2O)25)(MnV12O38)(HMnV13O38)(H2O)29
P -1,(Pr6 (H2 O)25) (Mn V12 O38) (H Mn V13 O38) (H2 O)31,293.0,0.101325,triclinic,(Pr6(H2O)25)(MnV12O38)(HMnV13O38)(H2O)31
P -1,Pb Mn Si3 O8 (H2 O),293.0,0.101325,triclinic,PbMnSi3O8(H2O)
P -1,(Mn4 (H2 O)18 W Zn Mn2 (H2 O)2 (Zn W9 O34)2) (H2 O)22 H4,293.0,0.101325,triclinic,(Mn4(H2O)18WZnMn2(H2O)2(ZnW9O34)2)(H2O)22H4
P -1,(Na8 (H2 O)28) (Mn (H2 O)2 (H2 W12 O42)) (H2 O)4,293.0,0.101325,triclinic,(Na8(H2O)28)(Mn(H2O)2(H2W12O42))(H2O)4
P -1,H4 (Mn2 (H2 O)8 Mn3.5 (H2 O)7 W0.5 (H2 O) (Sb W9 O33)2) (H2 O)20,293.0,0.101325,triclinic,H4(Mn2(H2O)8Mn3.5(H2O)7W0.5(H2O)(SbW9O33)2)(H2O)20
P -1,Na10 ((Mn (H2 O)3)2 (H2 W12 O42)) (((Mn (H2 O)3)2 Mn (H2 O)4) (H2 W12 O42)) (H2 O)56,293.0,0.101325,triclinic,Na10((Mn(H2O)3)2(H2W12O42))(((Mn(H2O)3)2Mn(H2O)4)(H2W12O42))(H2O)56
C 1 2/m 1,(Mg1.81 Mn0.08 Fe0.01) Mn O2 (B O3),293.0,0.101325,monoclinic,(Mg1.81Mn0.08Fe0.01)MnO2(BO3)
P 1 21/n 1,Ca2 Fe (Mn0.5 W0.5) O6,295.0,0.101325,monoclinic,Ca2Fe(Mn0.5W0.5)O6
P 1 21/n 1,Mn4 (As Si3 O12 (O H)),293.0,0.101325,monoclinic,Mn4(AsSi3O12(OH))
C 1 2/m 1,Li0.89 Mn0.40 Ni0.11 Co0.10 O1.44,293.0,0.101325,monoclinic,Li0.89Mn0.40Ni0.11Co0.10O1.44
C 1 2/m 1,Li0.09 Mn0.40 Ni0.10 Co0.10 O1.11,293.0,0.101325,monoclinic,Li0.09Mn0.40Ni0.10Co0.10O1.11
C 1 2/m 1,(Mn5 Sb2) (Mn8 Al4 Si2 O28),293.0,0.101325,monoclinic,(Mn5Sb2)(Mn8Al4Si2O28)
C 1 2/c 1,(Ag0.152 Na1.848) Mn3 (V O4)3,293.0,0.101325,monoclinic,(Ag0.152Na1.848)Mn3(VO4)3
C 1 2/c 1,(Ag1.377 Na0.623) Mn3 (V O4)3,293.0,0.101325,monoclinic,(Ag1.377Na0.623)Mn3(VO4)3
P 1 n 1,Ca2 Mn As14 O24 Cl,293.0,0.101325,monoclinic,Ca2MnAs14O24Cl
P 1 21/c 1,Gd Mg0.95 Mn0.05 B5 O10,293.0,0.101325,monoclinic,GdMg0.95Mn0.05B5O10
P 1 21/c 1,Gd Zn0.95 Mn0.05 B5 O10,293.0,0.101325,monoclinic,GdZn0.95Mn0.05B5O10
C 1 2/m 1,Li1.18 Co0.1135 Ni0.1135 Mn0.64 O2,293.0,0.101325,monoclinic,Li1.18Co0.1135Ni0.1135Mn0.64O2
C 1 2/m 1,Li2.967 Na0.033 Mn Ti3 O9,293.0,0.101325,monoclinic,Li2.967Na0.033MnTi3O9
C 1 2/m 1,Li2 (Ni0.23 Co0.12 Mn0.65) O3,293.0,0.101325,monoclinic,Li2(Ni0.23Co0.12Mn0.65)O3
P 1 21/a 1,Zn2 Mn ((O H)2 (Si O4)),293.0,0.101325,monoclinic,Zn2Mn((OH)2(SiO4))
P 1 21/m 1,K2 (Mn F5) (H2 O),293.0,0.101325,monoclinic,K2(MnF5)(H2O)
P 1 21/n 1,Mn6 (V Si5 O18 (O H)),293.0,0.101325,monoclinic,Mn6(VSi5O18(OH))
A 1 2/a 1,(Zn0.2 Mn0.08 Fe0.24 Ti0.44)2 Ti2 O7,293.0,0.101325,monoclinic,(Zn0.2Mn0.08Fe0.24Ti0.44)2Ti2O7
C 1 2/c 1,Ca0.91 Mn0.18 Fe0.91 Si2 O6,293.0,0.101325,monoclinic,Ca0.91Mn0.18Fe0.91Si2O6
C 1 2/m 1,Mg1.9 Mn0.91 Sb0.19 O2 (B O3),293.0,0.101325,monoclinic,Mg1.9Mn0.91Sb0.19O2(BO3)
P 1 21/n 1,La2 (Ni0.2 Co0.8) Mn O6,293.0,0.101325,monoclinic,La2(Ni0.2Co0.8)MnO6
P 1 21/n 1,La2 (Ni0.25 Co0.75) Mn O6,293.0,0.101325,monoclinic,La2(Ni0.25Co0.75)MnO6
P 1 21/n 1,La2 (Ni0.5 Co0.5) Mn O6,293.0,0.101325,monoclinic,La2(Ni0.5Co0.5)MnO6
P 1 21/n 1,La2 (Ni0.75 Co0.25) Mn O6,293.0,0.101325,monoclinic,La2(Ni0.75Co0.25)MnO6
P 1 21/n 1,La2 (Ni0.8 Co0.2) Mn O6,293.0,0.101325,monoclinic,La2(Ni0.8Co0.2)MnO6
C 1 2 1,Sr2 Ba Mn2 O2 (Si O3)4,293.0,0.101325,monoclinic,Sr2BaMn2O2(SiO3)4
P 1 21/c 1,Cu1.888 Ga0.313 Mn0.801 (B O5),293.0,0.101325,monoclinic,Cu1.888Ga0.313Mn0.801(BO5)
P 1 21/n 1,La1.876 Gd0.124 Ni0.826 Mn1.22 O6,293.0,0.101325,monoclinic,La1.876Gd0.124Ni0.826Mn1.22O6
P 1 21/n 1,La1.882 Ho0.118 Ni1.024 Mn1.024 O6,293.0,0.101325,monoclinic,La1.882Ho0.118Ni1.024Mn1.024O6
C 1 2/c 1,Mn (Sn0.48 Ta1.42) (Ta0.7 Nb0.3) O8,293.0,0.101325,monoclinic,Mn(Sn0.48Ta1.42)(Ta0.7Nb0.3)O8
C 1 2/c 1,K (Mn F4 (H2 O)),293.0,0.101325,monoclinic,K(MnF4(H2O))
C 1 2/c 1,((H2 O)6 Mn) ((H2 O) F5 Fe),296.0,0.101325,monoclinic,((H2O)6Mn)((H2O)F5Fe)
P 21/b 1 1,(Mn8.12 Mg0.9) (Si O4)4 (O H)2,293.0,0.101325,monoclinic,(Mn8.12Mg0.9)(SiO4)4(OH)2
C 1 2 1,Ba Sr2 (Mn2 Si4 O14),293.0,0.101325,monoclinic,BaSr2(Mn2Si4O14)
P 1 21/m 1,(Ag (H2 O)2) (Mn F4 (H2 O)2),293.0,0.101325,monoclinic,(Ag(H2O)2)(MnF4(H2O)2)
P 1 21/c 1,(Mn1.812 Mg0.188) (B2 O4 (O H)2),293.0,0.101325,monoclinic,(Mn1.812Mg0.188)(B2O4(OH)2)
P 1 21/c 1,(Mn0.02 Mg0.98) (Mn0.78 Mg0.15 Ca0.07) (Si2 O6),293.0,0.101325,monoclinic,(Mn0.02Mg0.98)(Mn0.78Mg0.15Ca0.07)(Si2O6)
P 1 21/c 1,La4 Mn3 Ge2 (Ge3.2 Si0.8) O22,293.0,0.101325,monoclinic,La4Mn3Ge2(Ge3.2Si0.8)O22
C 1 2/m 1,La4 Ba2.6 Ca1.4 ((Mn4 Ca) O19),293.0,0.101325,monoclinic,La4Ba2.6Ca1.4((Mn4Ca)O19)
P 1 21/c 1,(La0.7 Ce0.153 Ca0.147) (Mn O3),293.0,0.101325,monoclinic,(La0.7Ce0.153Ca0.147)(MnO3)
P 1 21/c 1,Na2 Mn (Se O4)2 (H2 O)2,293.0,0.101325,monoclinic,Na2Mn(SeO4)2(H2O)2
C 1 2/c 1,(Ca0.87 Mn0.13) (Mn0.06 Mg0.94) (Si2 O6),293.0,0.101325,monoclinic,(Ca0.87Mn0.13)(Mn0.06Mg0.94)(Si2O6)
C 1 2/c 1,Na4 Mg0.99 Mn0.005 (W O4)3,293.0,0.101325,monoclinic,Na4Mg0.99Mn0.005(WO4)3
P 1 21/c 1,Cs2 (Mn (Se O4) F3),293.0,0.101325,monoclinic,Cs2(Mn(SeO4)F3)
P 1 21/c 1,Rb2 (Mn (Se O4) F3),293.0,0.101325,monoclinic,Rb2(Mn(SeO4)F3)
P 1 n 1,Li2 (Zn0.995 Mn0.005) (Ge O4),293.0,0.101325,monoclinic,Li2(Zn0.995Mn0.005)(GeO4)
P 1 n 1,Li2 (Zn0.991 Mn0.009) (Ge O4),293.0,0.101325,monoclinic,Li2(Zn0.991Mn0.009)(GeO4)
P 1 n 1,Li2 (Zn0.985 Mn0.014) (Ge O4),293.0,0.101325,monoclinic,Li2(Zn0.985Mn0.014)(GeO4)
C 1 2/c 1,K Na5 Mn3 (Mo O4)6,298.0,0.101325,monoclinic,KNa5Mn3(MoO4)6
I 1 2/c 1,La1.7 Sr0.3 Ga Mn O6,293.0,0.101325,monoclinic,La1.7Sr0.3GaMnO6
I 1 2/c 1,La1.5 Sr0.5 Ga Mn O6,293.0,0.101325,monoclinic,La1.5Sr0.5GaMnO6
I 1 2/c 1,La1.3 Sr0.7 Ga Mn O6,293.0,0.101325,monoclinic,La1.3Sr0.7GaMnO6
C 1 2/c 1,Na4 Mg0.940 Mn0.030 (W O4)3,300.0,0.101325,monoclinic,Na4Mg0.940Mn0.030(WO4)3
C 1 2/c 1,Na4 Mg0.90 Mn0.05 (W O4)3,300.0,0.101325,monoclinic,Na4Mg0.90Mn0.05(WO4)3
C 1 2/c 1,Na4 Mg0.860 Mn0.070 (W O4)3,300.0,0.101325,monoclinic,Na4Mg0.860Mn0.070(WO4)3
C 1 2/c 1,Na4 Mg0.980 Mn0.010 (W O4)3,300.0,0.101325,monoclinic,Na4Mg0.980Mn0.010(WO4)3
C 1 2/m 1,Cu0.69 Mn2.31 (As O4)2 (H2 O)8,293.0,0.101325,monoclinic,Cu0.69Mn2.31(AsO4)2(H2O)8
P 1 2 1,Sb1.213 Mn0.950 (Mg5.125 Mn4) O8 (B O3)4,293.0,0.101325,monoclinic,Sb1.213Mn0.950(Mg5.125Mn4)O8(BO3)4
P 1 21/n 1,Mn6 As Si5 O18 (O H),293.0,0.101325,monoclinic,Mn6AsSi5O18(OH)
P 1 21/n 1,Mn6 V Si5 O18 (O H),293.0,0.101325,monoclinic,Mn6VSi5O18(OH)
C 1 2/c 1,Na1.953 Mn2.8 Al0.2 (V O4)3,293.0,0.101325,monoclinic,Na1.953Mn2.8Al0.2(VO4)3
C 1 2/c 1,Na1.967 Mn2.95 Al0.05 (V O4)3,293.0,0.101325,monoclinic,Na1.967Mn2.95Al0.05(VO4)3
C 1 2/c 1,K1.71 Na1.71 Mn1.29 (Mo O4)3,296.0,0.101325,monoclinic,K1.71Na1.71Mn1.29(MoO4)3
C 1 2/m 1,Li1.5 (Mn0.81 Co0.19) (Li0.61 Ni0.39)0.5 O3,293.0,0.101325,monoclinic,Li1.5(Mn0.81Co0.19)(Li0.61Ni0.39)0.5O3
P 1 21/n 1,(Ca0.116 Sr0.894)2 Mn W O6,293.0,0.101325,monoclinic,(Ca0.116Sr0.894)2MnWO6
P 1 21/n 1,(Ca0.238 Sr0.762)2 Mn W O6,293.0,0.101325,monoclinic,(Ca0.238Sr0.762)2MnWO6
P 1 21/n 1,(Ca0.343 Sr0.657)2 Mn W O6,293.0,0.101325,monoclinic,(Ca0.343Sr0.657)2MnWO6
P 1 21/n 1,(Ca0.732 Sr0.268)2 Mn W O6,293.0,0.101325,monoclinic,(Ca0.732Sr0.268)2MnWO6
P 1 21/n 1,(Ca0.880 Sr0.120)2 Mn W O6,293.0,0.101325,monoclinic,(Ca0.880Sr0.120)2MnWO6
P 1 21/n 1,La2 Ni (Mn0.75 Ru0.25) O6,293.0,0.101325,monoclinic,La2Ni(Mn0.75Ru0.25)O6
P 1 21/n 1,La2 Ni (Mn0.5 Ru0.5) O6,293.0,0.101325,monoclinic,La2Ni(Mn0.5Ru0.5)O6
P 1 21/n 1,La2 Ni (Mn0.25 Ru0.75) O6,293.0,0.101325,monoclinic,La2Ni(Mn0.25Ru0.75)O6
P 1 21/m 1,Pb2 Bi ((V0.94 Mn0.06) O4) O2,293.0,0.101325,monoclinic,Pb2Bi((V0.94Mn0.06)O4)O2
P 1 21/n 1,(La Ca) (Mn Nb O6),293.0,0.101325,monoclinic,(LaCa)(MnNbO6)
P 1 21/n 1,(Sr1.5 La0.5) (Mn W O6),293.0,0.101325,monoclinic,(Sr1.5La0.5)(MnWO6)
P 1 21/n 1,(Sr1.25 La0.75) (Mn W O6),293.0,0.101325,monoclinic,(Sr1.25La0.75)(MnWO6)
P 1 21/c 1,Ca2 Mn (As O4)2 (H2 O)2,293.0,0.101325,monoclinic,Ca2Mn(AsO4)2(H2O)2
P 1 21/n 1,(La0.8 Sr0.2) (Mn0.915 Ni0.085) O3,293.0,0.101325,monoclinic,(La0.8Sr0.2)(Mn0.915Ni0.085)O3
P 1 21 1,Na La Mn (W O6),298.0,0.101325,monoclinic,NaLaMn(WO6)
P 1 21 1,Na Nd Mn (W O6),298.0,0.101325,monoclinic,NaNdMn(WO6)
P 1 21 1,Na Tb Mn (W O6),298.0,0.101325,monoclinic,NaTbMn(WO6)
P 1 21/n 1,Sr La (Mn1.05 Sb0.95 O6),295.0,0.101325,monoclinic,SrLa(Mn1.05Sb0.95O6)
P 1 21/n 1,(Bi0.25 La1.75) ((Mn1.06 Co0.94) O6),310.0,0.101325,monoclinic,(Bi0.25La1.75)((Mn1.06Co0.94)O6)
P 1 21/n 1,(Bi0.5 La1.5) ((Mn1.05 Co0.95) O6),298.0,0.101325,monoclinic,(Bi0.5La1.5)((Mn1.05Co0.95)O6)
P 1 21/n 1,Sm2 Mn Te5 O13 Cl2,293.0,0.101325,monoclinic,Sm2MnTe5O13Cl2
C 1 2/m 1,Mn (Nb O F5) (H2 O)4,297.0,0.101325,monoclinic,Mn(NbOF5)(H2O)4
C 1 2/c 1,Li (Mg0.5 Mn0.5) (B O3),298.0,0.101325,monoclinic,Li(Mg0.5Mn0.5)(BO3)
P 1 21/n 1,Li2 Fe0.83 Mn0.17 (Si O4),298.0,0.101325,monoclinic,Li2Fe0.83Mn0.17(SiO4)
P 1 21/n 1,Li2 Fe0.46 Mn0.55 (Si O4),298.0,0.101325,monoclinic,Li2Fe0.46Mn0.55(SiO4)
P 1 21/n 1,La2 Ni (Mn0.8 Ti0.2) O6,293.0,0.101325,monoclinic,La2Ni(Mn0.8Ti0.2)O6
P 1 21/n 1,La2 Ni (Mn0.6 Ti0.4) O6,293.0,0.101325,monoclinic,La2Ni(Mn0.6Ti0.4)O6
P 1 21/n 1,La2 Ni (Mn0.4 Ti0.6) O6,293.0,0.101325,monoclinic,La2Ni(Mn0.4Ti0.6)O6
P 1 21/n 1,La2 Ni (Mn0.2 Ti0.8) O6,293.0,0.101325,monoclinic,La2Ni(Mn0.2Ti0.8)O6
I 1 2/m 1,(Ba La) (Mn Sb) O6,300.0,0.101325,monoclinic,(BaLa)(MnSb)O6
P 1 21/n 1,(La1.5 Tb0.5) Co Mn O6,283.0,0.101325,monoclinic,(La1.5Tb0.5)CoMnO6
P 1 21/n 1,(La Tb) Co Mn O6,285.0,0.101325,monoclinic,(LaTb)CoMnO6
P 1 21/n 1,(La0.5 Tb1.5) Co Mn O6,284.0,0.101325,monoclinic,(La0.5Tb1.5)CoMnO6
P 1 21/n 1,(Mn0.53 Ca0.47)2 Fe Re O6,300.0,0.101325,monoclinic,(Mn0.53Ca0.47)2FeReO6
C 1 2/c 1,Na Mn ((V0.1 Ge1.9) O6),293.0,0.101325,monoclinic,NaMn((V0.1Ge1.9)O6)
P 1 21/m 1,Pb2 Mn (V O4)2 (O H),293.0,0.101325,monoclinic,Pb2Mn(VO4)2(OH)
C 1 2 1,Cs (Mn F4 (H2 O)2),293.0,0.101325,monoclinic,Cs(MnF4(H2O)2)
C 1 c 1,Na2 Zn2 Mn B4.68 O11,293.0,0.101325,monoclinic,Na2Zn2MnB4.68O11
C 1 2/c 1,K Mn F4 (H2 O),293.0,0.101325,monoclinic,KMnF4(H2O)
C 1 2/m 1,K2 (Mn3 (O H)2 (V O4)2),293.0,0.101325,monoclinic,K2(Mn3(OH)2(VO4)2)
P 1 21/c 1,Cu2 (Mn0.85 Ga0.15) (B O3) O2,296.0,0.101325,monoclinic,Cu2(Mn0.85Ga0.15)(BO3)O2
P 1 21/c 1,Cu2 (Mn0.804 Ga0.202) (B O3) O2,296.0,0.101325,monoclinic,Cu2(Mn0.804Ga0.202)(BO3)O2
P 1 21/m 1,Cs Mn2 (Mo O4)2 (O H),298.0,0.101325,monoclinic,CsMn2(MoO4)2(OH)
C 1 2/m 1,Mn1.99 Fe4.21 Si8 O22 (O H)2,298.0,0.101325,monoclinic,Mn1.99Fe4.21Si8O22(OH)2
P 1 21/n 1,Nd Sm Ni Mn O6,293.0,0.101325,monoclinic,NdSmNiMnO6
P 1 21/n 1,Pr Ba Mn Mo O6,293.0,0.101325,monoclinic,PrBaMnMoO6
P 1 21/c 1,Tl2 Mn3 (As2 O7)2 (H2 O)2,293.0,0.101325,monoclinic,Tl2Mn3(As2O7)2(H2O)2
P 1 21/c 1,Cu1.83 Mn0.40 Fe0.77 B O5,293.0,0.101325,monoclinic,Cu1.83Mn0.40Fe0.77BO5
P 1 21/c 1,Cu1.88 Mn0.74 Fe0.38 B O5,293.0,0.101325,monoclinic,Cu1.88Mn0.74Fe0.38BO5
C 1 2/c 1,(Li0.96 Mn0.04) Mg (B O3),293.0,0.101325,monoclinic,(Li0.96Mn0.04)Mg(BO3)
P 21/n 1 1,Y Sr0.5 Ca1.5 Mn2 O7,298.0,0.101325,monoclinic,YSr0.5Ca1.5Mn2O7
P 1 21/n 1,Sr La Mn Mo O6,295.0,0.101325,monoclinic,SrLaMnMoO6
C 1 2/m 1,Li1.2 Co0.1 Mn0.556 Ni0.13 O2,293.0,0.101325,monoclinic,Li1.2Co0.1Mn0.556Ni0.13O2
P 1 21/n 1,Sr La Mn Re O6,293.0,0.101325,monoclinic,SrLaMnReO6
C 1 2/c 1,Ag2 Mn2 Fe (V O4)3,293.0,0.101325,monoclinic,Ag2Mn2Fe(VO4)3
C 1 2/c 1,Na2 Mn2 Fe (V O4)3,293.0,0.101325,monoclinic,Na2Mn2Fe(VO4)3
C 1 2 1,Ca2 Mn2 (Si4 O11 (O H)2) (O H)2 (H2 O)2,293.0,0.101325,monoclinic,Ca2Mn2(Si4O11(OH)2)(OH)2(H2O)2
C 1 2/m 1,Li1.6 Mn0.3 Co0.2 Ni0.3 O2,300.0,0.101325,monoclinic,Li1.6Mn0.3Co0.2Ni0.3O2
C 1 2/m 1,(Li2 Mn O3)0.4 (Li Mn0.33 Ni0.67 Co0.33 O2)0.6,293.0,0.101325,monoclinic,(Li2MnO3)0.4(LiMn0.33Ni0.67Co0.33O2)0.6
C 1 2/m 1,K2 Mn3 (V O4)2 (O H)2,298.0,0.101325,monoclinic,K2Mn3(VO4)2(OH)2
P 1 21/c 1,Mn Sb2 O3 (O H) Cl,293.0,0.101325,monoclinic,MnSb2O3(OH)Cl
P 1 n 1,(Ag1.91 Na0.09) Mn Si O4,298.0,0.101325,monoclinic,(Ag1.91Na0.09)MnSiO4
P 1 21/n 1,(Ca La) Mn Mo O5.92,300.0,0.101325,monoclinic,(CaLa)MnMoO5.92
P 1 21/n 1,(La Sr) (Mn Nb) O6,293.0,0.101325,monoclinic,(LaSr)(MnNb)O6
P 1 21/n 1,Ca1.921 Ce0.079 Mn Re O6,293.0,0.101325,monoclinic,Ca1.921Ce0.079MnReO6
P 1 21/m 1,Ba2 Mn (V O4)2 (O H),293.0,0.101325,monoclinic,Ba2Mn(VO4)2(OH)
C 1 2/c 1,Na1.40 Mn0.30 Fe3 (V O4)3,296.0,0.101325,monoclinic,Na1.40Mn0.30Fe3(VO4)3
I 1 a 1,Bi2 (Zn Ti0.6 Mn0.4) O6,295.0,0.101325,monoclinic,Bi2(ZnTi0.6Mn0.4)O6
C 1 2/m 1,Li1.2 Mn0.54 Ni0.13 Co0.13 O2,293.0,0.101325,monoclinic,Li1.2Mn0.54Ni0.13Co0.13O2
C 1 2/m 1,Li1.0 Mn0.54 Ni0.13 Co0.13 O2,293.0,0.101325,monoclinic,Li1.0Mn0.54Ni0.13Co0.13O2
C 1 2/m 1,Li0.74 Mn0.54 Ni0.13 Co0.13 O2,293.0,0.101325,monoclinic,Li0.74Mn0.54Ni0.13Co0.13O2
C 1 2/m 1,Li0.33 Mn0.54 Ni0.13 Co0.13 O2,293.0,0.101325,monoclinic,Li0.33Mn0.54Ni0.13Co0.13O2
C 1 2/m 1,Li0.89 Mn0.54 Ni0.13 Co0.13 O2,293.0,0.101325,monoclinic,Li0.89Mn0.54Ni0.13Co0.13O2
C 1 2/m 1,Li0.77 Mn0.54 Ni0.13 Co0.13 O2,293.0,0.101325,monoclinic,Li0.77Mn0.54Ni0.13Co0.13O2
C 1 2/m 1,Li0.32 Mn0.54 Ni0.13 Co0.13 O2,293.0,0.101325,monoclinic,Li0.32Mn0.54Ni0.13Co0.13O2
C 1 2/m 1,Ba3 Mn2 (V2 O7)2 F2,298.0,0.101325,monoclinic,Ba3Mn2(V2O7)2F2
I 1 2/m 1,Ba1.1 La0.9 Mn Sb O6,300.0,0.101325,monoclinic,Ba1.1La0.9MnSbO6
I 1 2/m 1,Ba1.2 La0.8 Mn Sb O6,300.0,0.101325,monoclinic,Ba1.2La0.8MnSbO6
P 1 21/n 1,La Pr Ni Mn O6,293.0,0.101325,monoclinic,LaPrNiMnO6
P 1 21/n 1,La Nd Ni Mn O6,293.0,0.101325,monoclinic,LaNdNiMnO6
P 1 21/n 1,La Sm Ni Mn O6,293.0,0.101325,monoclinic,LaSmNiMnO6
P 1 21/m 1,Mn1.085 Cu0.915 Cl1.058 (O H)2.942,293.0,0.101325,monoclinic,Mn1.085Cu0.915Cl1.058(OH)2.942
P 1 21/n 1,La2.01 Co0.98 Mn0.49 Ru0.52 O6,293.0,0.101325,monoclinic,La2.01Co0.98Mn0.49Ru0.52O6
P 1 21/n 1,La1.99 Co1.01 Mn0.27 Ru0.73 O6,293.0,0.101325,monoclinic,La1.99Co1.01Mn0.27Ru0.73O6
P 1 m 1,Gd Ba Mn Fe O6,293.0,0.101325,monoclinic,GdBaMnFeO6
C 1 2/c 1,K Cu Mn3 (V O4)3,293.0,0.101325,monoclinic,KCuMn3(VO4)3
P 1 21/n 1,Mn (Al0.5 Y0.5) (B O3) O,293.0,0.101325,monoclinic,Mn(Al0.5Y0.5)(BO3)O
C 1 2/c 1,Ag2 Sr Mn (V O4)2,293.0,0.101325,monoclinic,Ag2SrMn(VO4)2
P 1 21/m 1,Ba4 Mn2 Ag2 O (As O4)4,293.0,0.101325,monoclinic,Ba4Mn2Ag2O(AsO4)4
P 1 21/a 1,Rb2 (Mn (H2 O)6) (Se O4)2,293.0,0.101325,monoclinic,Rb2(Mn(H2O)6)(SeO4)2
P 1 21/a 1,Cs2 (Mn (H2 O)6) (Se O4)2,293.0,0.101325,monoclinic,Cs2(Mn(H2O)6)(SeO4)2
C 1 2/c 1,Ag Mn3 (As O4) (H As O4)2,293.0,0.101325,monoclinic,AgMn3(AsO4)(HAsO4)2
I 1 2 1,K2 (Mn (I O3)4 (H2 O)2),293.0,0.101325,monoclinic,K2(Mn(IO3)4(H2O)2)
C 1 2/c 1,Ca0.74 Mn2.59 Na0.88 (As O4)3,298.0,0.101325,monoclinic,Ca0.74Mn2.59Na0.88(AsO4)3
P 1 21/c 1,K0.65 Na0.50 Mn3.43 (As O4)3,298.0,0.101325,monoclinic,K0.65Na0.50Mn3.43(AsO4)3
P 1 21/n 1,Na2 Gd Mn O (As O4)2,293.0,0.101325,monoclinic,Na2GdMnO(AsO4)2
P 1 21/m 1,Mn4 (Te O3) (Si O4) Br2,293.0,0.101325,monoclinic,Mn4(TeO3)(SiO4)Br2
P 1 21/m 1,Mn4 (Te O3) (Si O4) Cl2,293.0,0.101325,monoclinic,Mn4(TeO3)(SiO4)Cl2
P 1 21/c 1,Sr Na2 Mn (V O4)2,293.0,0.101325,monoclinic,SrNa2Mn(VO4)2
P 1 21 1,Sr2 Mn (V O4)2 (O H),298.0,0.101325,monoclinic,Sr2Mn(VO4)2(OH)
P 1 21/a 1,Tl2 (Mn (H2 O)6) (Se O4)2,295.0,0.101325,monoclinic,Tl2(Mn(H2O)6)(SeO4)2
P 1 21/n 1,La2 Ni0.8 Co0.2 Mn O6,293.0,0.101325,monoclinic,La2Ni0.8Co0.2MnO6
P 1 21/n 1,La2 Ni0.6 Co0.4 Mn O6,293.0,0.101325,monoclinic,La2Ni0.6Co0.4MnO6
P 1 21/n 1,La2 Ni0.2 Co0.8 Mn O6,293.0,0.101325,monoclinic,La2Ni0.2Co0.8MnO6
P 1 21/n 1,Na12 (Mn Nb12 O38) (H2 O)50,293.0,0.101325,monoclinic,Na12(MnNb12O38)(H2O)50
P 1 21/n 1,La1.5 Ca0.5 Co Mn O6,293.0,0.101325,monoclinic,La1.5Ca0.5CoMnO6
P 1 21/n 1,Mn1.97 V1.17 As0.83 O7 (H2 O)2,293.0,0.101325,monoclinic,Mn1.97V1.17As0.83O7(H2O)2
P 1 21/n 1,Mn1.93 V1.23 As0.86 O7 (H2 O)2,293.0,0.101325,monoclinic,Mn1.93V1.23As0.86O7(H2O)2
B 1 1 2/b,Mn2 (Zr F8) (H2 O)6,293.0,0.101325,monoclinic,Mn2(ZrF8)(H2O)6
C 1 2/m 1,(Li0.32 Al0.68) Mn O2 (O H)2,293.0,0.101325,monoclinic,(Li0.32Al0.68)MnO2(OH)2
B 1 21/m 1,Pb2 Mn (V O4)2 (H2 O),293.0,0.101325,monoclinic,Pb2Mn(VO4)2(H2O)
P 1 21/c 1,Zn2 Mn (Si O4) (O H)2,293.0,0.101325,monoclinic,Zn2Mn(SiO4)(OH)2
A 1 2 1,Ca2 Mn2 (Si4 O11 (O H)2) (O H)2 (H2 O)2,293.0,0.101325,monoclinic,Ca2Mn2(Si4O11(OH)2)(OH)2(H2O)2
P 1 21/m 1,Mn Al6 Si4 O17 (O H)2,293.0,0.101325,monoclinic,MnAl6Si4O17(OH)2
C 1 2/m 1,Mn3 Zn2 (O H)6 ((As0.5 H0.5) (O0.667 (O H)0.333)3)2,293.0,0.101325,monoclinic,Mn3Zn2(OH)6((As0.5H0.5)(O0.667(OH)0.333)3)2
P 1 21/c 1,Mn Ca2 (As O4)2 (H2 O)2,293.0,0.101325,monoclinic,MnCa2(AsO4)2(H2O)2
B 1 1 2,Mn (Zr F6) (H2 O)5,293.0,0.101325,monoclinic,Mn(ZrF6)(H2O)5
C 1 2/m 1,Mg Mn2 Br6 (H2 O)12,293.0,0.101325,monoclinic,MgMn2Br6(H2O)12
C 1 2/m 1,Mn5 (O H)4 ((V0.89 As0.11) O4)2,293.0,0.101325,monoclinic,Mn5(OH)4((V0.89As0.11)O4)2
P 1 21/c 1,Ca2 La (Nb0.998 Mn0.002) O6,293.0,0.101325,monoclinic,Ca2La(Nb0.998Mn0.002)O6
P 1 21/m 1,Ba Mn F5 (H2 O),293.0,0.101325,monoclinic,BaMnF5(H2O)
P 1 21/m 1,Sr Mn F5 (H2 O),293.0,0.101325,monoclinic,SrMnF5(H2O)
I 1 2/m 1,La1.67 Mg (Ta0.996 Mn0.004) O6,293.0,0.101325,monoclinic,La1.67Mg(Ta0.996Mn0.004)O6
C 1 2/m 1,Na Mn2 (Mo O4)2 (O H) (H2 O),293.0,0.101325,monoclinic,NaMn2(MoO4)2(OH)(H2O)
P 1 21/c 1,Mn (Sb F4)2 (H2 O)2,293.0,0.101325,monoclinic,Mn(SbF4)2(H2O)2
I 1 2/a 1,K2.16 Mn16 (Si26.9 O67.8) (O H)8,293.0,0.101325,monoclinic,K2.16Mn16(Si26.9O67.8)(OH)8
C 1 2/c 1,Na (Mn F4 (H2 O)2) (H2 O),293.0,0.101325,monoclinic,Na(MnF4(H2O)2)(H2O)
C 1 2/c 1,Tl (Mn F4) (H2 O),293.0,0.101325,monoclinic,Tl(MnF4)(H2O)
C 1 2/m 1,Mn (Mg Mn) Zn2 (O H)10 (H2 O)2,293.0,0.101325,monoclinic,Mn(MgMn)Zn2(OH)10(H2O)2
P 1 21/n 1,Mn2 (V (V0.62 As0.38) O7) (H2 O)2,293.0,0.101325,monoclinic,Mn2(V(V0.62As0.38)O7)(H2O)2
P 1 21/n 1,Sr La Mn Ta O6,293.0,0.101325,monoclinic,SrLaMnTaO6
C 1 2/m 1,K Mn2 (Cr O4)2 (O H) (H2 O),293.0,0.101325,monoclinic,KMn2(CrO4)2(OH)(H2O)
I 1 2/a 1,K3.68 Mn15.904 Si25.472 O64 (O H)9.376 (H2 O)7.024,292.0,0.101325,monoclinic,K3.68Mn15.904Si25.472O64(OH)9.376(H2O)7.024
P 1 21/n 1,Sr La Mn Mo O6,298.0,0.101325,monoclinic,SrLaMnMoO6
C 1 2/m 1,Li2 Mn (V O3)4 (H2 O)2,293.0,0.101325,monoclinic,Li2Mn(VO3)4(H2O)2
P 1 21/c 1,Mn3.92 (Al8 Si8 O32) (H2 O)16,293.0,0.101325,monoclinic,Mn3.92(Al8Si8O32)(H2O)16
P 1 21/n 1,Ca Mn2 (Be Si O4)3,293.0,0.101325,monoclinic,CaMn2(BeSiO4)3
P 1 n 1,Pb3 Mn (As O3)2 (As O2 (O H)),293.0,0.101325,monoclinic,Pb3Mn(AsO3)2(AsO2(OH))
C 1 2/m 1,Mn8 Si6 O24 Cl H9,293.0,0.101325,monoclinic,Mn8Si6O24ClH9
P 1 21/n 1,Li2 Co0.9375 Mn0.0625 Si O4,293.0,0.101325,monoclinic,Li2Co0.9375Mn0.0625SiO4
P 1 21/n 1,Nd0.75 Sr0.25 Mn0.5 Fe0.5 O3,293.0,0.101325,monoclinic,Nd0.75Sr0.25Mn0.5Fe0.5O3
P 1 21/n 1,Nd0.75 Ca0.25 Mn0.5 Fe0.5 O3,293.0,0.101325,monoclinic,Nd0.75Ca0.25Mn0.5Fe0.5O3
P 1 21/m 1,Bi0.37 Ca0.63 Mn0.964 Cr0.036 O2.99,300.0,0.101325,monoclinic,Bi0.37Ca0.63Mn0.964Cr0.036O2.99
C 1 2/m 1,Na Ni0.5 Mn0.5 Ce0.01 O2,293.0,0.101325,monoclinic,NaNi0.5Mn0.5Ce0.01O2
C 1 2/m 1,Na0.97 Ni0.47 Mn0.5 Ce0.06 O2,293.0,0.101325,monoclinic,Na0.97Ni0.47Mn0.5Ce0.06O2
C 1 2/m 1,Na0.85 Ni0.35 Mn0.5 Ce0.3 O2,293.0,0.101325,monoclinic,Na0.85Ni0.35Mn0.5Ce0.3O2
C 1 2/m 1,K0.12 (Mn0.77 Ni0.23) O2 (H2 O)1.52,293.0,0.101325,monoclinic,K0.12(Mn0.77Ni0.23)O2(H2O)1.52
C 1 2/m 1,K0.14 (Mn0.78 Ni0.22) O1.8 (H2 O)0.87,293.0,0.101325,monoclinic,K0.14(Mn0.78Ni0.22)O1.8(H2O)0.87
C 1 2/m 1,K0.18 Ni0.3 Mn O2 (H2 O)1.14,293.0,0.101325,monoclinic,K0.18Ni0.3MnO2(H2O)1.14
C 1 2/m 1,K0.14 (Mn0.77 Ni0.23) O1.88 (H2 O)0.87,293.0,0.101325,monoclinic,K0.14(Mn0.77Ni0.23)O1.88(H2O)0.87
P 1 21/n 1,Th Zn0.993 Mn0.007 (B5 O10),293.0,0.101325,monoclinic,ThZn0.993Mn0.007(B5O10)
P 1 21/n 1,Nd2 (Co0.9 Cr0.1) Mn O6,293.0,0.101325,monoclinic,Nd2(Co0.9Cr0.1)MnO6
P 1 21/n 1,Nd2 (Co0.8 Cr0.2) Mn O6,293.0,0.101325,monoclinic,Nd2(Co0.8Cr0.2)MnO6
P 1 21/n 1,Nd2 (Co0.7 Cr0.3) Mn O6,293.0,0.101325,monoclinic,Nd2(Co0.7Cr0.3)MnO6
C 1 2/c 1,Na0.46 Mn0.89 Ni0.11 O2 (H2 O)0.44,293.0,0.101325,monoclinic,Na0.46Mn0.89Ni0.11O2(H2O)0.44
P 1 21/n 1,(La1.4 Ca0.6) (Co Mn O6),298.0,0.101325,monoclinic,(La1.4Ca0.6)(CoMnO6)
P 1 21/n 1,Sr1.5 La0.5 Mn Sb O6,293.0,0.101325,monoclinic,Sr1.5La0.5MnSbO6
P 1 21/n 1,Sr1.33 La0.67 Mn Sb O6,293.0,0.101325,monoclinic,Sr1.33La0.67MnSbO6
P 1 21/n 1,Sr1.5 La0.5 Mn1.25 Sb0.75 O6,293.0,0.101325,monoclinic,Sr1.5La0.5Mn1.25Sb0.75O6
P 1 21/n 1,Sr1.5 La0.5 Mn1.5 Sb0.5 O6,293.0,0.101325,monoclinic,Sr1.5La0.5Mn1.5Sb0.5O6
P 1 21/n 1,(La0.7 Ca0.3) ((Co0.5 Mn0.5) O3),298.0,0.101325,monoclinic,(La0.7Ca0.3)((Co0.5Mn0.5)O3)
C 1 2/c 1,(Mn0.68 Ca0.32) Mn1.9 (Ca1.7 Mn0.3) (H2 O)4 (As O3 (O H))2.2 (As O4)1.8,298.0,0.101325,monoclinic,(Mn0.68Ca0.32)Mn1.9(Ca1.7Mn0.3)(H2O)4(AsO3(OH))2.2(AsO4)1.8
C 1 2/m 1,H0.145 Mn0.82 (Mn0.16 (H2 O)0.4) (Ni0.06 (H2 O)0.18) (Na0.06 (H2 O)0.26) O2,293.0,0.101325,monoclinic,H0.145Mn0.82(Mn0.16(H2O)0.4)(Ni0.06(H2O)0.18)(Na0.06(H2O)0.26)O2
C 1 2/m 1,H0.066 Mn0.82 (Mn0.16 (H2 O)0.48) (Ni0.09 (H2 O)0.27) (Na0.06 (H2 O)0.18) O2,293.0,0.101325,monoclinic,H0.066Mn0.82(Mn0.16(H2O)0.48)(Ni0.09(H2O)0.27)(Na0.06(H2O)0.18)O2
C 1 2/m 1,H0.10 Mn0.815 (Mn0.125 (H2 O)0.375) (Ni0.05 (H2 O)0.15) (Na0.18 (H2 O)0.54) O2,293.0,0.101325,monoclinic,H0.10Mn0.815(Mn0.125(H2O)0.375)(Ni0.05(H2O)0.15)(Na0.18(H2O)0.54)O2
C 1 2/m 1,H0.055 Mn0.84 (Mn0.07 (H2 O)0.21) (Ni0.15 (H2 O)0.45) (Na0.06 (H2 O)0.18) O2,293.0,0.101325,monoclinic,H0.055Mn0.84(Mn0.07(H2O)0.21)(Ni0.15(H2O)0.45)(Na0.06(H2O)0.18)O2
P 1 21/n 1,Ca La Mn Mo O6,293.0,0.101325,monoclinic,CaLaMnMoO6
C 1 2/m 1,Na0.9 (Ni0.33 Mn0.33 Co0.33) O2,293.0,0.101325,monoclinic,Na0.9(Ni0.33Mn0.33Co0.33)O2
C 1 2/m 1,Na0.65 (Ni0.33 Mn0.33 Co0.33) O2,293.0,0.101325,monoclinic,Na0.65(Ni0.33Mn0.33Co0.33)O2
C 1 2/c 1,Cs (Mn F4 (H2 O)2),293.0,0.101325,monoclinic,Cs(MnF4(H2O)2)
B 1 1 2/m,Mn (Zr F6) (H2 O)5,293.0,0.101325,monoclinic,Mn(ZrF6)(H2O)5
C 1 2/c 1,Rb Mn F4 (H2 O),293.0,0.101325,monoclinic,RbMnF4(H2O)
C 1 2/m 1,Ca2 Mn2 (O H)4 (Si4 O11) (H2 O)2,293.0,0.101325,monoclinic,Ca2Mn2(OH)4(Si4O11)(H2O)2
P 1 21/c 1,Na2 (Mn4 (H2 O)14 (H2 W12 O42)) (H2 O)16,298.0,0.101325,monoclinic,Na2(Mn4(H2O)14(H2W12O42))(H2O)16
P 1 21/c 1,Cs Mn3 (As O4) (H As O4)2 (H2 O)3,293.0,0.101325,monoclinic,CsMn3(AsO4)(HAsO4)2(H2O)3
C 1 2/c 1,K Mn3 (As O4) (H As O4)2,293.0,0.101325,monoclinic,KMn3(AsO4)(HAsO4)2
C 1 2/c 1,Na Mn3 (As O4) (H As O4)2,293.0,0.101325,monoclinic,NaMn3(AsO4)(HAsO4)2
C 1 2/m 1,Sr Mn2 (V O4)2 (H2 O)2,293.0,0.101325,monoclinic,SrMn2(VO4)2(H2O)2
C 1 2 1,Li (Mn0.7 Co0.3) B O3,293.0,0.101325,monoclinic,Li(Mn0.7Co0.3)BO3
P 1 2 1,In0.08 Na0.06 Mn0.86 W O4,293.0,0.101325,monoclinic,In0.08Na0.06Mn0.86WO4
P 1 2 1,In0.15 Na0.12 Mn0.73 W O4,293.0,0.101325,monoclinic,In0.15Na0.12Mn0.73WO4
P 1 2 1,In0.1 Na0.09 Mn0.63 W O4,293.0,0.101325,monoclinic,In0.1Na0.09Mn0.63WO4
P 1 2/n 1,(Ca0.80 Mn0.20) Mn5 (V2 O7)3 (H2 O)12,293.0,0.101325,monoclinic,(Ca0.80Mn0.20)Mn5(V2O7)3(H2O)12
P 1 21/n 1,Ce (Zn0.7 Mn0.3) (B5 O10),293.0,0.101325,monoclinic,Ce(Zn0.7Mn0.3)(B5O10)
P 1 21/n 1,Ca2 Mn0.001 Y0.999 Sb O6,293.0,0.101325,monoclinic,Ca2Mn0.001Y0.999SbO6
I 1 2/a 1,(Bi0.3 La0.7) (Fe0.5 Mn0.5) O3,300.0,0.101325,monoclinic,(Bi0.3La0.7)(Fe0.5Mn0.5)O3
I 1 2/m 1,K Mn2 (H3 O2) (Mo O4)2,300.0,0.101325,monoclinic,KMn2(H3O2)(MoO4)2
P 1 21/c 1,Na8 (Mn W6 O24) (H2 O)18,293.0,0.101325,monoclinic,Na8(MnW6O24)(H2O)18
C 1 2/m 1,Ca (Mn Br4) (H2 O)8,293.0,0.101325,monoclinic,Ca(MnBr4)(H2O)8
P 1 21/n 1,Na12 (Mn (Nb6 O19)2) (H2 O)52,293.0,0.101325,monoclinic,Na12(Mn(Nb6O19)2)(H2O)52
P 1 21/c 1,((Na (H2 O)5)2 (Mn (H2 O)3)2 (Mn (H2 O)4)2 H2 W12 O42) (H2 O)6,293.0,0.101325,monoclinic,((Na(H2O)5)2(Mn(H2O)3)2(Mn(H2O)4)2H2W12O42)(H2O)6
P 1 21/c 1,(Mn (H2 O)6) (Bi I4)2 (H2 O)2,293.0,0.101325,monoclinic,(Mn(H2O)6)(BiI4)2(H2O)2
P 1 21/n 1,(Na2 (H2 O)10) (Na (H2 O)3)2 (Mn W6 O18 (O H)6) (H2 O)6,293.0,0.101325,monoclinic,(Na2(H2O)10)(Na(H2O)3)2(MnW6O18(OH)6)(H2O)6
P 1 21/c 1,Mn Bi2 I8 (H2 O)8,295.0,0.101325,monoclinic,MnBi2I8(H2O)8
P 63/m m c,Ba2 Fe (Mn0.5 W0.5) O6,295.0,0.101325,hexagonal,Ba2Fe(Mn0.5W0.5)O6
P 63/m m c,Na0.71 Li0.12 Mn0.8 Fe0.2 O2,293.0,0.101325,hexagonal,Na0.71Li0.12Mn0.8Fe0.2O2
P 63/m,Sr5 (Mn O4)3 F0.90 (O H)0.10,300.0,0.101325,hexagonal,Sr5(MnO4)3F0.90(OH)0.10
P 63/m,Sr5 (Mn0.942 Si0.058 O4)3 F0.83,300.0,0.101325,hexagonal,Sr5(Mn0.942Si0.058O4)3F0.83
P 63/m,Sr5 (Mn0.947 Si0.053 O4)3 (O H)0.84,300.0,0.101325,hexagonal,Sr5(Mn0.947Si0.053O4)3(OH)0.84
P 63/m m c,Na0.7 Mn0.66 Ni0.17 Co0.17 O2,293.0,0.101325,hexagonal,Na0.7Mn0.66Ni0.17Co0.17O2
P 63/m m c,Na0.67 Mn0.5 Co0.4 Fe0.1 O2,293.0,0.101325,hexagonal,Na0.67Mn0.5Co0.4Fe0.1O2
P 63/m m c,Na0.67 Mn0.5 Co0.3 Fe0.2 O2,293.0,0.101325,hexagonal,Na0.67Mn0.5Co0.3Fe0.2O2
P -6,Pb9 Ca5.44 Mn0.56 (Si O4)3 (Si2 O7)3,293.0,0.101325,hexagonal,Pb9Ca5.44Mn0.56(SiO4)3(Si2O7)3
P -6,Pb9 Ca5 Mn (Si2 O7)3 (Si O4)3,293.0,0.101325,hexagonal,Pb9Ca5Mn(Si2O7)3(SiO4)3
P 63/m m c,(Na0.62 K0.05) Fe0.5 Mn0.5 O2,293.0,0.101325,hexagonal,(Na0.62K0.05)Fe0.5Mn0.5O2
P 63/m m c,(Na0.59 K0.08) Fe0.5 Mn0.5 O2,293.0,0.101325,hexagonal,(Na0.59K0.08)Fe0.5Mn0.5O2
P 63/m m c,(Na0.57 K0.1) Fe0.5 Mn0.5 O2,293.0,0.101325,hexagonal,(Na0.57K0.1)Fe0.5Mn0.5O2
P 63/m m c,Ba6 Ru2 Na2 Mn2 O17,293.0,0.101325,hexagonal,Ba6Ru2Na2Mn2O17
P 63/m m c,Ba6 Ru2 Na2 Mn2 O17,300.0,0.101325,hexagonal,Ba6Ru2Na2Mn2O17
P 63/m m c,Na0.667 Mn0.8 Zn0.1 Cu0.1 O2,293.0,0.101325,hexagonal,Na0.667Mn0.8Zn0.1Cu0.1O2
P 63/m m c,Na0.667 Mn0.8 Zn0.1 Al0.1 O2,293.0,0.101325,hexagonal,Na0.667Mn0.8Zn0.1Al0.1O2
P 63/m m c,Na0.667 Mn0.8 Zn0.1 Ti0.1 O2,293.0,0.101325,hexagonal,Na0.667Mn0.8Zn0.1Ti0.1O2
P 63/m m c,Na0.667 Mn0.8 Fe0.1 Cu0.1 O2,293.0,0.101325,hexagonal,Na0.667Mn0.8Fe0.1Cu0.1O2
P 63/m m c,Na0.667 Mn0.8 Fe0.1 Al0.1 O2,293.0,0.101325,hexagonal,Na0.667Mn0.8Fe0.1Al0.1O2
P 63/m,(Sr3.82 La0.18) Mn3 O3 (Ge O4)3,293.0,0.101325,hexagonal,(Sr3.82La0.18)Mn3O3(GeO4)3
P 63/m,(Sr3.82 Pr0.18) Mn3 O3 (Ge O4)3,293.0,0.101325,hexagonal,(Sr3.82Pr0.18)Mn3O3(GeO4)3
P 63/m,(Sr3.82 Nd0.18) Mn3 O3 (Ge O4)3,293.0,0.101325,hexagonal,(Sr3.82Nd0.18)Mn3O3(GeO4)3
P 63/m,(Sr3.79 Sm0.21) Mn3 O3 (Ge O4)3,293.0,0.101325,hexagonal,(Sr3.79Sm0.21)Mn3O3(GeO4)3
P 63/m,(Sr3.85 Eu0.15) Mn3 O3 (Ge O4)3,293.0,0.101325,hexagonal,(Sr3.85Eu0.15)Mn3O3(GeO4)3
P 63/m,(Sr3.85 Gd0.15) Mn3 O3 (Ge O4)3,293.0,0.101325,hexagonal,(Sr3.85Gd0.15)Mn3O3(GeO4)3
P 63/m,(Sr3.88 Dy0.12)  Mn3 O3 (Ge O4)3,293.0,0.101325,hexagonal,(Sr3.88Dy0.12)Mn3O3(GeO4)3
P 63/m,(Sr3.71 Gd0.29) Mn3 O3 (Ge O4)3,293.0,0.101325,hexagonal,(Sr3.71Gd0.29)Mn3O3(GeO4)3
P 63 c m,Y Mn0.5 Fe0.48 Pd0.02 O3,293.0,0.101325,hexagonal,YMn0.5Fe0.48Pd0.02O3
P 63 c m,Y Mn0.5 Fe0.45 Pd0.05 O3,293.0,0.101325,hexagonal,YMn0.5Fe0.45Pd0.05O3
P 63 c m,Y Mn0.5 Fe0.43 Pd0.07 O3,293.0,0.101325,hexagonal,YMn0.5Fe0.43Pd0.07O3
P 63/m m c,Na0.66 Li0.22 Ti0.15 Mn0.63 O2,293.0,0.101325,hexagonal,Na0.66Li0.22Ti0.15Mn0.63O2
P 63/m m c,(Ba0.8 Sr0.2) (Mn0.4 Fe0.6) O2.69,293.0,0.101325,hexagonal,(Ba0.8Sr0.2)(Mn0.4Fe0.6)O2.69
P 63/m m c,Li0.06 Mg0.065 Mn0.37 Na0.325 O,293.0,0.101325,hexagonal,Li0.06Mg0.065Mn0.37Na0.325O
P 63/m m c,Na0.667 Cu0.167 Ni0.167 Mn0.667 O2,293.0,0.101325,hexagonal,Na0.667Cu0.167Ni0.167Mn0.667O2
P 63/m m c,Na0.7 Cu0.2 Fe0.1 Mn0.7 O2,293.0,0.101325,hexagonal,Na0.7Cu0.2Fe0.1Mn0.7O2
P 63/m m c,Ba3 Mn Ti Sb O9,293.0,0.101325,hexagonal,Ba3MnTiSbO9
P 63/m,Sr Mn2 Co6 (Te O6)3,293.0,0.101325,hexagonal,SrMn2Co6(TeO6)3
P 63/m,Pb Mn2 Co6 (Te O6)3,293.0,0.101325,hexagonal,PbMn2Co6(TeO6)3
P 63/m m c,(Sr0.4 Ba0.6) (Mn0.94 Ti0.06) O2.91,293.0,0.101325,hexagonal,(Sr0.4Ba0.6)(Mn0.94Ti0.06)O2.91
P 63/m m c,(Sr0.4 Ba0.6) (Mn0.94 Ti0.06) O2.42,293.0,0.101325,hexagonal,(Sr0.4Ba0.6)(Mn0.94Ti0.06)O2.42
P 63/m m c,Na0.67 (Mn0.6 Ni0.2 Li0.2) O2,298.0,0.101325,hexagonal,Na0.67(Mn0.6Ni0.2Li0.2)O2
P 63,Na0.533 (Li0.14 Ni0.14 Mn0.72) O2,293.0,0.101325,hexagonal,Na0.533(Li0.14Ni0.14Mn0.72)O2
P 63/m,Y Ca3 (Mn O)3 (B O3)4,293.0,0.101325,hexagonal,YCa3(MnO)3(BO3)4
P 63/m m c,(Ba3 Sr3) Mn2 (Mn2 Cr2 O17),298.0,0.101325,hexagonal,(Ba3Sr3)Mn2(Mn2Cr2O17)
P 63/m m c,Ba2 (Fe Mn0.5 W0.5) O5.99,293.0,0.101325,hexagonal,Ba2(FeMn0.5W0.5)O5.99
P -6 m 2,Ba8 Co2 Mn6 Cl O22,293.0,0.101325,hexagonal,Ba8Co2Mn6ClO22
P 63/m m c,(Sr0.78 Ba0.2 La0.02) Mn O3,293.0,0.101325,hexagonal,(Sr0.78Ba0.2La0.02)MnO3
P 63/m m c,(Sr0.68 Ba0.3 La0.02) Mn O3,293.0,0.101325,hexagonal,(Sr0.68Ba0.3La0.02)MnO3
P 63/m m c,(Sr0.66 Ba0.3 La0.04) Mn O3,293.0,0.101325,hexagonal,(Sr0.66Ba0.3La0.04)MnO3
P 63/m m c,(Sr0.58 Ba0.4 La0.02) Mn O3,293.0,0.101325,hexagonal,(Sr0.58Ba0.4La0.02)MnO3
P 63/m m c,Na0.667 Mn0.583 Fe0.333 Ti0.083 O2,293.0,0.101325,hexagonal,Na0.667Mn0.583Fe0.333Ti0.083O2
P 63/m,Y1.632 Ca2.368 Mn3 O3 (B O3)4,296.0,0.101325,hexagonal,Y1.632Ca2.368Mn3O3(BO3)4
P 63/m,Gd1.199 Ca2.801 Mn3 O3 (B O3)4,296.0,0.101325,hexagonal,Gd1.199Ca2.801Mn3O3(BO3)4
P 63/m m c,(K0.35 Rb0.65) Mn3 O2 (Ge2 O7),293.0,0.101325,hexagonal,(K0.35Rb0.65)Mn3O2(Ge2O7)
P 63/m m c,La0.96 Mn In0.5 Ga10.5 O19,293.0,0.101325,hexagonal,La0.96MnIn0.5Ga10.5O19
P 63 m c,Cs Mn3 F6 (Se O3)2,293.0,0.101325,hexagonal,CsMn3F6(SeO3)2
P 63/m m c,Na0.67 (Fe0.3333 Mg0.0417 Mn0.625) O2,293.0,0.101325,hexagonal,Na0.67(Fe0.3333Mg0.0417Mn0.625)O2
P 63/m m c,Na0.67 (Fe0.3333 Mg0.0833 Mn0.5833) O2,293.0,0.101325,hexagonal,Na0.67(Fe0.3333Mg0.0833Mn0.5833)O2
P 63/m m c,Na0.67 (Fe0.3333 Mg0.1667 Mn0.5) O2,293.0,0.101325,hexagonal,Na0.67(Fe0.3333Mg0.1667Mn0.5)O2
P 63/m,Pb Mn2 Ni6 Te3 O18,293.0,0.101325,hexagonal,PbMn2Ni6Te3O18
P 63/m,Na3 La Mn3 O3 (As O4)3,293.0,0.101325,hexagonal,Na3LaMn3O3(AsO4)3
P 63/m,Na3 Sm Mn3 O3 (As O4)3,293.0,0.101325,hexagonal,Na3SmMn3O3(AsO4)3
P 63/m,Na3 Gd Mn3 O3 (As O4)3,293.0,0.101325,hexagonal,Na3GdMn3O3(AsO4)3
P 63/m m c,Ca Al10.02 Sn0.98 Mn1.00 O19,293.0,0.101325,hexagonal,CaAl10.02Sn0.98Mn1.00O19
P 63/m m c,Na0.67 (Mn0.66 Fe0.2 Cu0.14) O2,293.0,0.101325,hexagonal,Na0.67(Mn0.66Fe0.2Cu0.14)O2
P 63/m m c,Na0.706 Mn0.65 Co0.18 Ni0.17 O2,293.0,0.101325,hexagonal,Na0.706Mn0.65Co0.18Ni0.17O2
P 63/m,(Cu0.5 Mn0.5) U Mo3 O12,293.0,0.101325,hexagonal,(Cu0.5Mn0.5)UMo3O12
P 63/m,Pb Mn2 (Ni6 Te3 O18),298.0,0.101325,hexagonal,PbMn2(Ni6Te3O18)
P 63 m c,Ba Ca Fe2 Mn2 O7,293.0,0.101325,hexagonal,BaCaFe2Mn2O7
P 63/m m c,Na0.561 Li0.24 Mn0.66 Ti0.1 O1.994,293.0,0.101325,hexagonal,Na0.561Li0.24Mn0.66Ti0.1O1.994
P 63/m m c,Na0.639 Li0.24 Mn0.71 Ti0.05 O1.964,293.0,0.101325,hexagonal,Na0.639Li0.24Mn0.71Ti0.05O1.964
P 63/m m c,Na0.602 Li0.24 Mn0.56 Ti0.2 O1.923,293.0,0.101325,hexagonal,Na0.602Li0.24Mn0.56Ti0.2O1.923
P 63/m m c,Na0.85 Li0.12 Ni0.22 Mn0.66 O2,293.0,0.101325,hexagonal,Na0.85Li0.12Ni0.22Mn0.66O2
P 6 c c,K Zn3 Mn2 Si12 O30,293.0,0.101325,hexagonal,KZn3Mn2Si12O30
P 63/m m c,Na0.8 Li0.27 Mn0.68 Ti0.05 O1.97,293.0,0.101325,hexagonal,Na0.8Li0.27Mn0.68Ti0.05O1.97
P 63/m m c,Na0.69 Mn0.87 Fe0.08 Mg0.05 O2,293.0,0.101325,hexagonal,Na0.69Mn0.87Fe0.08Mg0.05O2
P 63/m m c,Na0.69 Mn0.82 Fe0.08 Mg0.1 O2,293.0,0.101325,hexagonal,Na0.69Mn0.82Fe0.08Mg0.1O2
P 63/m m c,Na0.69 Mn0.77 Fe0.08 Mg0.15 O2,293.0,0.101325,hexagonal,Na0.69Mn0.77Fe0.08Mg0.15O2
P 63/m m c,Na0.67 Mn0.7 Ni0.2 Mg0.1 O2,293.0,0.101325,hexagonal,Na0.67Mn0.7Ni0.2Mg0.1O2
P 63,Na0.44 Mg0.15 Li0.1 Mn0.75 O2,293.0,0.101325,hexagonal,Na0.44Mg0.15Li0.1Mn0.75O2
P 63/m m c,Na0.7 Mg0.15 Li0.1 Mn0.75 O2,293.0,0.101325,hexagonal,Na0.7Mg0.15Li0.1Mn0.75O2
P 63,Na0.5 Mg0.15 Li0.1 Mn0.75 O2,293.0,0.101325,hexagonal,Na0.5Mg0.15Li0.1Mn0.75O2
P 63/m m c,Na0.6667 (Co0.0417 Ni0.2916 Mn0.6667) O2,293.0,0.101325,hexagonal,Na0.6667(Co0.0417Ni0.2916Mn0.6667)O2
P 63,Mn16 Si12 As3 O57 H17,293.0,0.101325,hexagonal,Mn16Si12As3O57H17
P 63/m m c,Na0.3 (Na0.5 Mg0.07) (Mn0.6 Co0.3 Mg0.03) O2,293.0,0.101325,hexagonal,Na0.3(Na0.5Mg0.07)(Mn0.6Co0.3Mg0.03)O2
P 63/m m c,Na0.31 (Na0.49 Mg0.13) (Mn0.6 Co0.2 Mg0.07) O2,293.0,0.101325,hexagonal,Na0.31(Na0.49Mg0.13)(Mn0.6Co0.2Mg0.07)O2
P 63/m m c,Na0.67 (Ni0.23 Mg0.1 Mn0.67) O2,293.0,0.101325,hexagonal,Na0.67(Ni0.23Mg0.1Mn0.67)O2
P 63/m m c,Na0.67 Fe0.4 Mn0.5 Mg0.1 O2,293.0,0.101325,hexagonal,Na0.67Fe0.4Mn0.5Mg0.1O2
P 63 m c,Mn3 (Te O3)2 (O H)1.824 Br0.176,293.0,0.101325,hexagonal,Mn3(TeO3)2(OH)1.824Br0.176
P 63 m c,Mn3 (Te O3)2 (O H)1.815 Cl0.185,293.0,0.101325,hexagonal,Mn3(TeO3)2(OH)1.815Cl0.185
P 63/m,Rb1.242 (Mn2 (Te O3)3) (H2 O)2,293.0,0.101325,hexagonal,Rb1.242(Mn2(TeO3)3)(H2O)2
P 63,Cs (Mn2 (Te O3)3) (H2 O),293.0,0.101325,hexagonal,Cs(Mn2(TeO3)3)(H2O)
P 63,Rb1.506 (Mn2 (Te O3)3) (H2 O)1.25,296.0,0.101325,hexagonal,Rb1.506(Mn2(TeO3)3)(H2O)1.25
P 63/m m c,Na0.749 Fe0.5 Mn0.35 Co0.15 O1.78,293.0,0.101325,hexagonal,Na0.749Fe0.5Mn0.35Co0.15O1.78
P 63/m,Sr Mn2 Ni6 (Te O6)3,293.0,0.101325,hexagonal,SrMn2Ni6(TeO6)3
P 63 m c,Ca Ba Fe2 Mn2 O7,298.0,0.101325,hexagonal,CaBaFe2Mn2O7
P 63/m m c,Na0.67 Mn0.486 Fe0.5 Zr0.014 O2,293.0,0.101325,hexagonal,Na0.67Mn0.486Fe0.5Zr0.014O2
P 63/m m c,Na0.67 Mn0.487 Fe0.5 Zr0.013 O2,293.0,0.101325,hexagonal,Na0.67Mn0.487Fe0.5Zr0.013O2
P 63/m m c,Na0.6 Mn0.67 Ni0.22 Fe0.11 O2,293.0,0.101325,hexagonal,Na0.6Mn0.67Ni0.22Fe0.11O2
P 63/m m c,Na0.6 Mn0.62 Ni0.22 Fe0.16 O2,293.0,0.101325,hexagonal,Na0.6Mn0.62Ni0.22Fe0.16O2
P 63/m m c,Na0.60 (Fe0.5 Mn0.49 Zn0.01) O2,293.0,0.101325,hexagonal,Na0.60(Fe0.5Mn0.49Zn0.01)O2
P 63/m m c,Na0.60 (Fe0.5 Mn0.48 Zn0.02) O2,293.0,0.101325,hexagonal,Na0.60(Fe0.5Mn0.48Zn0.02)O2
P 63/m m c,Na0.667 Li0.167 Co0.167 Mn0.667 O2,293.0,0.101325,hexagonal,Na0.667Li0.167Co0.167Mn0.667O2
P 63/m m c,Na0.66 Ni0.28 Zn0.05 Mn0.67 O2,293.0,0.101325,hexagonal,Na0.66Ni0.28Zn0.05Mn0.67O2
P 63/m m c,Na0.66 Ni0.23 Zn0.1 Mn0.67 O2,293.0,0.101325,hexagonal,Na0.66Ni0.23Zn0.1Mn0.67O2
P 63/m m c,Na0.66 Ni0.18 Zn0.15 Mn0.67 O2,293.0,0.101325,hexagonal,Na0.66Ni0.18Zn0.15Mn0.67O2
P 63 c m,Y ((Mn0.75 (Cu0.75 Mo0.25)0.25) O3),293.0,0.101325,hexagonal,Y((Mn0.75(Cu0.75Mo0.25)0.25)O3)
P 63 c m,Y ((Mn0.5 (Cu0.75 Mo0.25)0.5) O3),293.0,0.101325,hexagonal,Y((Mn0.5(Cu0.75Mo0.25)0.5)O3)
P 63 c m,Y ((Mn0.25 (Cu0.75 Mo0.25)0.75) O3),293.0,0.101325,hexagonal,Y((Mn0.25(Cu0.75Mo0.25)0.75)O3)
P 63/m m c,Na0.67 (Ni0.20 Mn0.69 Li0.10) O2,293.0,0.101325,hexagonal,Na0.67(Ni0.20Mn0.69Li0.10)O2
P 63/m m c,Na0.67 (Ni0.2 Mn0.61 Li0.19) O2,293.0,0.101325,hexagonal,Na0.67(Ni0.2Mn0.61Li0.19)O2
P 63/m m c,Na0.74 (Ni0.20 Mn0.69 Li0.10) O2,293.0,0.101325,hexagonal,Na0.74(Ni0.20Mn0.69Li0.10)O2
P 63/m m c,Na0.72 (Ni0.21 Mn0.69 Li0.20) O2,293.0,0.101325,hexagonal,Na0.72(Ni0.21Mn0.69Li0.20)O2
P 63 c m,Y (Mn0.75 (Cu0.667 V0.333)0.25) O3,293.0,0.101325,hexagonal,Y(Mn0.75(Cu0.667V0.333)0.25)O3
P 63 c m,Y (Mn0.75 (Cu0.667 Nb0.333)0.25) O3,293.0,0.101325,hexagonal,Y(Mn0.75(Cu0.667Nb0.333)0.25)O3
P 63 c m,Y (Mn0.75 (Cu0.75 W0.25)0.25) O3,293.0,0.101325,hexagonal,Y(Mn0.75(Cu0.75W0.25)0.25)O3
P 63 c m,Y (Mn0.75 (Cu0.5 Ti0.5)0.25) O3,293.0,0.101325,hexagonal,Y(Mn0.75(Cu0.5Ti0.5)0.25)O3
P -6 m 2,Ba6 (Co3.96 Mn2.04) Cl0.94 O15.64,293.0,0.101325,hexagonal,Ba6(Co3.96Mn2.04)Cl0.94O15.64
P -6 m 2,Ba6 (Co2 Mn4) Cl O16,293.0,0.101325,hexagonal,Ba6(Co2Mn4)ClO16
P 63/m,La8.67 Mn0.5 Ca0.5 (Si O4)6 O2,293.0,0.101325,hexagonal,La8.67Mn0.5Ca0.5(SiO4)6O2
P 63/m,La8.67 Mn0.5 Sr0.5 (Si O4)6 O2,293.0,0.101325,hexagonal,La8.67Mn0.5Sr0.5(SiO4)6O2
P 63/m,La8.67 Mn0.5 Ba0.5 (Si O4)6 O2,293.0,0.101325,hexagonal,La8.67Mn0.5Ba0.5(SiO4)6O2
P 63,Na0.8 (Li0.12 Ni0.22 Mn0.66) O2,293.0,0.101325,hexagonal,Na0.8(Li0.12Ni0.22Mn0.66)O2
P 63/m m c,Na0.72 (Li0.12 Ni0.22 Mn0.66) O2,293.0,0.101325,hexagonal,Na0.72(Li0.12Ni0.22Mn0.66)O2
P 6/m c c,K2 Mn5 (Si12 O30) (H2 O),293.0,0.101325,hexagonal,K2Mn5(Si12O30)(H2O)
P 63/m m c,Na0.46 Li0.1 Ni0.27 Mn0.63 O2,293.0,0.101325,hexagonal,Na0.46Li0.1Ni0.27Mn0.63O2
P 63/m m c,Na0.667 Mg0.167 Cu0.167 Mn0.667 O2,293.0,0.101325,hexagonal,Na0.667Mg0.167Cu0.167Mn0.667O2
P 63/m m c,Na0.67 Fe0.20 Ni0.15 Mn0.65 O2,293.0,0.101325,hexagonal,Na0.67Fe0.20Ni0.15Mn0.65O2
P 63/m m c,Na0.7 (Fe0.3 Mn0.65 Al0.05) O2,293.0,0.101325,hexagonal,Na0.7(Fe0.3Mn0.65Al0.05)O2
P 63/m m c,(Ni0.5 Co0.2 Mn0.3) O (O H),298.0,0.101325,hexagonal,(Ni0.5Co0.2Mn0.3)O(OH)
P 63/m m c,Na0.67 Ni0.25 Mn0.64 Mg0.08 O2,293.0,0.101325,hexagonal,Na0.67Ni0.25Mn0.64Mg0.08O2
P 63/m m c,Na0.67 Ni0.33 Mn0.59 Ti0.08 O2,293.0,0.101325,hexagonal,Na0.67Ni0.33Mn0.59Ti0.08O2
P 63/m m c,Na0.67 Ni0.29 Mn0.63 Al0.08 O2,293.0,0.101325,hexagonal,Na0.67Ni0.29Mn0.63Al0.08O2
P 63/m m c,(Na0.65 Sr0.02) (Ni0.33 Mn0.67) O2,293.0,0.101325,hexagonal,(Na0.65Sr0.02)(Ni0.33Mn0.67)O2
P 63/m m c,(Na0.63 Sr0.04) (Ni0.33 Mn0.67) O2,293.0,0.101325,hexagonal,(Na0.63Sr0.04)(Ni0.33Mn0.67)O2
P 63/m m c,(Na0.61 Sr0.06) (Ni0.33 Mn0.67) O2,293.0,0.101325,hexagonal,(Na0.61Sr0.06)(Ni0.33Mn0.67)O2
P 63/m m c,Na0.44 Mn0.6 Ni0.3 Cu0.1 O2,293.0,0.101325,hexagonal,Na0.44Mn0.6Ni0.3Cu0.1O2
P 63/m m c,Ba Ti Mn Fe10 O19,296.0,0.101325,hexagonal,BaTiMnFe10O19
P 63 m c,Y Ba Mn3 Al O7,293.0,0.101325,hexagonal,YBaMn3AlO7
P 63,Ba Mn2 (Se O3)3 (H2 O)3,293.0,0.101325,hexagonal,BaMn2(SeO3)3(H2O)3
P n -3 Z,Ca Cu3 Mn2 Te2 O12,298.0,0.101325,cubic,CaCu3Mn2Te2O12
P m -3 n,La18 Li8 Rh4 Mn O39,293.0,0.101325,cubic,La18Li8Rh4MnO39
P m -3 n,Nd18 Li8 Fe4 Mn O39,293.0,0.101325,cubic,Nd18Li8Fe4MnO39
P m -3 n,Nd18 Li8 Fe Mn4 O39,293.0,0.101325,cubic,Nd18Li8FeMn4O39
P m -3 m,Mn4.5 Na3 (Si12 Al12 O48),293.0,0.101325,cubic,Mn4.5Na3(Si12Al12O48)
P m -3 m,Nd0.5 Ba0.5 Mn0.5 Fe0.5 O2.86,293.0,0.101325,cubic,Nd0.5Ba0.5Mn0.5Fe0.5O2.86
P m -3 m,(Ba0.5 La0.5) (Mn0.5 Ru0.5) O3,293.0,0.101325,cubic,(Ba0.5La0.5)(Mn0.5Ru0.5)O3
P m -3 m,(La0.67 Ba0.33) (Mn0.98 Ti0.02) O3,293.0,0.101325,cubic,(La0.67Ba0.33)(Mn0.98Ti0.02)O3
P m -3 m,Sr (Mn Ti Sb)0.33 O3,293.0,0.101325,cubic,Sr(MnTiSb)0.33O3
P m -3 m,(Sr0.4 Ba0.6) (Mn0.94 Ti0.06) O2.53,293.0,0.101325,cubic,(Sr0.4Ba0.6)(Mn0.94Ti0.06)O2.53
P m -3 m,(Sr0.4 Ba0.6) (Mn0.94 Ti0.06) O2.96,293.0,0.101325,cubic,(Sr0.4Ba0.6)(Mn0.94Ti0.06)O2.96
P m -3 m,(Sr0.4 Ba0.6) (Mn0.94 Ti0.06) O2.99,293.0,0.101325,cubic,(Sr0.4Ba0.6)(Mn0.94Ti0.06)O2.99
P m -3 m,(Sr0.65 La0.35) (Mn0.5 Ir0.5) O3,293.0,0.101325,cubic,(Sr0.65La0.35)(Mn0.5Ir0.5)O3
P m -3 m,(La0.52 Ba0.48) ((Mn0.51 Ru0.49) O3),293.0,0.101325,cubic,(La0.52Ba0.48)((Mn0.51Ru0.49)O3)
P m -3 m,(La0.5 Sr0.1 Ba0.4) (Mn O3),294.5,0.101325,cubic,(La0.5Sr0.1Ba0.4)(MnO3)
P m -3 m,(La0.5 Sr0.1 Ba0.4) (Mn O3),295.0,0.101325,cubic,(La0.5Sr0.1Ba0.4)(MnO3)
P m -3 m,Pb ((Mn0.25 Fe0.25 Nb0.5) O3),295.0,0.101325,cubic,Pb((Mn0.25Fe0.25Nb0.5)O3)
P m -3 m,(Bi0.5 Ba0.5) ((Mn0.5 Ti0.5) O3),293.0,0.101325,cubic,(Bi0.5Ba0.5)((Mn0.5Ti0.5)O3)
P m -3 m,(Bi0.5 Sr0.5) ((Mn0.5 Ti0.5) O3),293.0,0.101325,cubic,(Bi0.5Sr0.5)((Mn0.5Ti0.5)O3)
P m -3 m,(Sr0.9 Ca0.1) (Ti0.5 Mn0.5) O3,293.0,0.101325,cubic,(Sr0.9Ca0.1)(Ti0.5Mn0.5)O3
P m -3 m,(Sr0.8 Ca0.2) (Ti0.5 Mn0.5) O3,293.0,0.101325,cubic,(Sr0.8Ca0.2)(Ti0.5Mn0.5)O3
P m -3 m,(La0.25 Sr0.75) ((Mn0.5 Ti0.5) O3),300.0,0.101325,cubic,(La0.25Sr0.75)((Mn0.5Ti0.5)O3)
P m -3 m,(Nd0.5 Ba0.5) (Co0.25 Mn0.75) O2.7,293.0,0.101325,cubic,(Nd0.5Ba0.5)(Co0.25Mn0.75)O2.7
P m -3 m,La0.6 Sr0.4 Fe0.67 Mn0.33 O2.84,293.0,0.101325,cubic,La0.6Sr0.4Fe0.67Mn0.33O2.84
P m -3 m,(Ca0.5 Sr0.5) (Fe0.73 Mn0.27) O2.68,300.0,0.101325,cubic,(Ca0.5Sr0.5)(Fe0.73Mn0.27)O2.68
P m -3 m,(Ca0.5 Sr0.5) (Fe0.66 Mn0.34) O2.7,300.0,0.101325,cubic,(Ca0.5Sr0.5)(Fe0.66Mn0.34)O2.7
P m -3 m,(Ca0.5 Sr0.5) (Fe0.49 Mn0.51) O2.76,300.0,0.101325,cubic,(Ca0.5Sr0.5)(Fe0.49Mn0.51)O2.76
P m -3 m,(Co0.43 Mn0.57) (Sr0.75 Y0.25) O2.73,293.0,0.101325,cubic,(Co0.43Mn0.57)(Sr0.75Y0.25)O2.73
P m -3 m,La0.66 Ca0.29 K0.05 (Mn O3),293.0,0.101325,cubic,La0.66Ca0.29K0.05(MnO3)
P m -3 m,Ba (Mn0.01 Ti0.94 Zr0.045) O3,293.0,0.101325,cubic,Ba(Mn0.01Ti0.94Zr0.045)O3
P m -3 m,La0.75 Ba0.25 Fe0.5 Mn0.5 O3,293.0,0.101325,cubic,La0.75Ba0.25Fe0.5Mn0.5O3
P m -3 m,La0.67 Ba0.33 Fe0.5 Mn0.5 O3,293.0,0.101325,cubic,La0.67Ba0.33Fe0.5Mn0.5O3
P m -3 m,La0.5 Ba0.5 Fe0.5 Mn0.5 O3,293.0,0.101325,cubic,La0.5Ba0.5Fe0.5Mn0.5O3
P m -3 m,Pr0.5 Ba0.5 Mn0.5 Fe0.5 O3,293.0,0.101325,cubic,Pr0.5Ba0.5Mn0.5Fe0.5O3
P m -3 m,(La0.7 Ba0.3) (Co0.9 Mn0.1) O3,293.0,0.101325,cubic,(La0.7Ba0.3)(Co0.9Mn0.1)O3
P m -3 m,(La0.7 Ba0.3) (Co0.8 Mn0.2) O3,293.0,0.101325,cubic,(La0.7Ba0.3)(Co0.8Mn0.2)O3
P m -3 m,(La0.7 Ba0.3) (Co0.6 Mn0.4) O3,293.0,0.101325,cubic,(La0.7Ba0.3)(Co0.6Mn0.4)O3
P m -3 m,(La0.6 Ba0.4) (Co0.9 Mn0.1) O3,293.0,0.101325,cubic,(La0.6Ba0.4)(Co0.9Mn0.1)O3
P m -3 m,(La0.5 Ba0.5) (Co0.95 Mn0.05) O3,293.0,0.101325,cubic,(La0.5Ba0.5)(Co0.95Mn0.05)O3
P m -3 m,(Bi0.98 Gd0.02) (Fe0.95 Mn0.05) O3,293.0,0.101325,cubic,(Bi0.98Gd0.02)(Fe0.95Mn0.05)O3
P m -3 m,(Bi0.98 Y0.02) (Fe0.95 Mn0.05) O3,293.0,0.101325,cubic,(Bi0.98Y0.02)(Fe0.95Mn0.05)O3
P m -3 m,(Bi0.97 Gd0.03) (Fe0.95 Mn0.05) O3,293.0,0.101325,cubic,(Bi0.97Gd0.03)(Fe0.95Mn0.05)O3
P m -3 m,(Bi0.97 Y0.03) (Fe0.95 Mn0.05) O3,293.0,0.101325,cubic,(Bi0.97Y0.03)(Fe0.95Mn0.05)O3
P m -3 m,Ca0.95 La0.05 Fe0.5 Mn0.5 O3,293.0,0.101325,cubic,Ca0.95La0.05Fe0.5Mn0.5O3
P m -3 m,Ca0.90 La0.1 Fe0.5 Mn0.5 O3,293.0,0.101325,cubic,Ca0.90La0.1Fe0.5Mn0.5O3
P m -3 m,Ca0.85 La0.15 Fe0.5 Mn0.5 O3,293.0,0.101325,cubic,Ca0.85La0.15Fe0.5Mn0.5O3
P m -3 m,((Sr1.75 Bi0.25) ((Mn Ti) O6))0.5,298.0,0.101325,cubic,((Sr1.75Bi0.25)((MnTi)O6))0.5
P m -3 m,((Sr1.5 Bi0.5) ((Mn Ti) O6))0.5,298.0,0.101325,cubic,((Sr1.5Bi0.5)((MnTi)O6))0.5
P m -3 m,((Sr1.25 Bi0.75) ((Mn Ti) O6))0.5,298.0,0.101325,cubic,((Sr1.25Bi0.75)((MnTi)O6))0.5
P m -3 m,(La0.67 Ba0.33) (Mn0.85 Cr0.15 O3),293.0,0.101325,cubic,(La0.67Ba0.33)(Mn0.85Cr0.15O3)
P m -3 m,(La0.67 Ba0.33) (Mn0.95 Ti0.05) O3,293.0,0.101325,cubic,(La0.67Ba0.33)(Mn0.95Ti0.05)O3
P m -3 m,(La0.67 Ba0.33) (Mn0.85 Ti0.15) O3,293.0,0.101325,cubic,(La0.67Ba0.33)(Mn0.85Ti0.15)O3
P m -3 m,(La0.67 Ba0.33) (Mn0.6 Ti0.4) O3,293.0,0.101325,cubic,(La0.67Ba0.33)(Mn0.6Ti0.4)O3
P m -3 m,(La0.67 Ba0.33) (Mn0.4 Ti0.6) O3,293.0,0.101325,cubic,(La0.67Ba0.33)(Mn0.4Ti0.6)O3
P m -3 m,(La0.5 Pr0.2 Pb0.3) (Mn O3),293.0,0.101325,cubic,(La0.5Pr0.2Pb0.3)(MnO3)
P m -3 m,(La0.65 Ca0.10 Ba0.25) (Mn O3),293.0,0.101325,cubic,(La0.65Ca0.10Ba0.25)(MnO3)
P m -3 m,(Sr0.5 Bi0.5) (Mn0.5 Ti0.5) O3,293.0,0.101325,cubic,(Sr0.5Bi0.5)(Mn0.5Ti0.5)O3
P m -3 m,Sr0.5 La0.5 Fe0.5 Mn0.5 O3,293.0,0.101325,cubic,Sr0.5La0.5Fe0.5Mn0.5O3
P m -3 m,(Nd0.5 Ba0.5) (Fe0.5 Mn0.5) O3,293.0,0.101325,cubic,(Nd0.5Ba0.5)(Fe0.5Mn0.5)O3
P m -3 m,(La0.8 Ba0.15 Ca0.05) (Mn O3),293.0,0.101325,cubic,(La0.8Ba0.15Ca0.05)(MnO3)
P m -3 m,(La0.33 Sr0.67) (Mn0.33 Ti0.67) O3,293.0,0.101325,cubic,(La0.33Sr0.67)(Mn0.33Ti0.67)O3
P m -3 m,(Sr0.8 Ca0.1 Nd0.1) Mn O3,293.0,0.101325,cubic,(Sr0.8Ca0.1Nd0.1)MnO3
P m -3 m,(Sr0.75 Y0.25) (Fe0.8 Mn0.2) O2.79,293.0,0.101325,cubic,(Sr0.75Y0.25)(Fe0.8Mn0.2)O2.79
P m -3 m,(Sr0.75 Y0.25) (Fe0.67 Mn0.33) O2.79,293.0,0.101325,cubic,(Sr0.75Y0.25)(Fe0.67Mn0.33)O2.79
P m -3 m,(Sr0.75 Y0.25) (Fe0.5 Mn0.5) O2.79,293.0,0.101325,cubic,(Sr0.75Y0.25)(Fe0.5Mn0.5)O2.79
P m -3 m,(Bi0.6 La0.4) (Fe0.6 Mn0.4) O3,293.0,0.101325,cubic,(Bi0.6La0.4)(Fe0.6Mn0.4)O3
P m -3 m,Ba (Mn0.01 Ti0.89 Zr0.10) O3,293.0,0.101325,cubic,Ba(Mn0.01Ti0.89Zr0.10)O3
P a -3,Ba Mn9 (V O4)6 (O H)2,293.0,0.101325,cubic,BaMn9(VO4)6(OH)2
P 43 3 2,Li Mn1.5 Ni0.45 Zn0.075 O4,293.0,0.101325,cubic,LiMn1.5Ni0.45Zn0.075O4
P 43 3 2,Li Ni0.495 Cu0.012 Mn1.492 O3.62,293.0,0.101325,cubic,LiNi0.495Cu0.012Mn1.492O3.62
P 43 3 2,Li Mg0.041 Ni0.395 Mn1.544 O4,293.0,0.101325,cubic,LiMg0.041Ni0.395Mn1.544O4
P 43 3 2,Li Mg0.096 Ni0.36 Mn1.34 O4,293.0,0.101325,cubic,LiMg0.096Ni0.36Mn1.34O4
P 43 3 2,Li0.246 Mg0.025 Mn0.385 Ni0.09 O,293.0,0.101325,cubic,Li0.246Mg0.025Mn0.385Ni0.09O
P 43 3 2,Li (Ga4.993 Cr0.006 Mn0.0008) O8,293.0,0.101325,cubic,Li(Ga4.993Cr0.006Mn0.0008)O8
P 21 3,Ba Mn9 (V O4)6 (O H)2,293.0,0.101325,cubic,BaMn9(VO4)6(OH)2
P -4 3 n,Na8 (Al6 Si6 O24) (Mn O4)2,300.0,0.101325,cubic,Na8(Al6Si6O24)(MnO4)2
P -4 3 n,Mn8 (Be Si O4)6 Se2,293.0,0.101325,cubic,Mn8(BeSiO4)6Se2
P -4 3 n,Mn8 (Be Si O4)6 Te2,293.0,0.101325,cubic,Mn8(BeSiO4)6Te2
P -4 3 n,Mn8 (Be Ge O4)6 Se2,293.0,0.101325,cubic,Mn8(BeGeO4)6Se2
I m -3,La Cu3 Mn Ti3 O12,293.0,0.101325,cubic,LaCu3MnTi3O12
I m -3,Nd Cu3 Mn Ti3 O12,293.0,0.101325,cubic,NdCu3MnTi3O12
I m -3,La Cu3 Mn1.3 Ti2.7 O12,293.0,0.101325,cubic,LaCu3Mn1.3Ti2.7O12
I m -3,Nd Cu3 Mn1.3 Ti2.7 O12,293.0,0.101325,cubic,NdCu3Mn1.3Ti2.7O12
I m -3,La Mn3 Ru2 Fe2 O12,293.0,0.101325,cubic,LaMn3Ru2Fe2O12
I m -3,Ca (Cu0.848 Mn0.152)3 ((Mn3 Ti) O11.62),293.0,0.101325,cubic,Ca(Cu0.848Mn0.152)3((Mn3Ti)O11.62)
I m -3,Ca (Cu0.72 Mn0.28)3 (Ru0.62 Mn0.38)4 O12,295.0,0.101325,cubic,Ca(Cu0.72Mn0.28)3(Ru0.62Mn0.38)4O12
I m -3,Bi (Cu2.70 Mn0.30) (Mn2.95 Fe1.05) O12,293.0,0.101325,cubic,Bi(Cu2.70Mn0.30)(Mn2.95Fe1.05)O12
I m -3,Bi (Cu2.72 Mn0.28) (Mn2.36 Fe1.64) O12,293.0,0.101325,cubic,Bi(Cu2.72Mn0.28)(Mn2.36Fe1.64)O12
I m -3,(Nd0.9 Na0.1) Mn3 (Ti3.6 Mn0.4) O12,293.0,0.101325,cubic,(Nd0.9Na0.1)Mn3(Ti3.6Mn0.4)O12
I m -3,(Nd0.8 Na0.2) Mn3 (Ti3.7 Mn0.3) O12,293.0,0.101325,cubic,(Nd0.8Na0.2)Mn3(Ti3.7Mn0.3)O12
I m -3,(La0.78 Na0.22) Mn3 Ti4 O12,293.0,0.101325,cubic,(La0.78Na0.22)Mn3Ti4O12
I m -3,Ca Cu2.34 (Mn4.42 Al0.24) O12,298.0,0.101325,cubic,CaCu2.34(Mn4.42Al0.24)O12
I m -3,Bi Mn3 (Fe0.25 Ti0.75)4 O12,293.0,0.101325,cubic,BiMn3(Fe0.25Ti0.75)4O12
I m -3,Ca (Cu2.55 Mn0.45) (V O3)4,293.0,0.101325,cubic,Ca(Cu2.55Mn0.45)(VO3)4
I m -3,Ca (Cu2.07 Mn0.93) (V O3)4,293.0,0.101325,cubic,Ca(Cu2.07Mn0.93)(VO3)4
I m -3,Ca (Cu1.74 Mn1.26) (V O3)4,293.0,0.101325,cubic,Ca(Cu1.74Mn1.26)(VO3)4
I m -3,Ca (Cu0.93 Mn2.07) (V O3)4,293.0,0.101325,cubic,Ca(Cu0.93Mn2.07)(VO3)4
I m -3,Ca (Cu0.3 Mn2.7) (V O3)4,293.0,0.101325,cubic,Ca(Cu0.3Mn2.7)(VO3)4
I m -3,La Mn3 (Al0.25 Ti0.75)4 O12,293.0,0.101325,cubic,LaMn3(Al0.25Ti0.75)4O12
I m -3,Pr Mn3 (Al0.25 Ti0.75)4 O12,293.0,0.101325,cubic,PrMn3(Al0.25Ti0.75)4O12
I m -3,Nd Mn3 (Al0.25 Ti0.75)4 O12,293.0,0.101325,cubic,NdMn3(Al0.25Ti0.75)4O12
I m -3,Sm Mn3 (Al0.25 Ti0.75)4 O12,293.0,0.101325,cubic,SmMn3(Al0.25Ti0.75)4O12
I m -3,(Sm0.802 Mn0.198) (Sm0.066 Mn0.934)3 (Al0.25 Ti0.75)4 O12,293.0,0.101325,cubic,(Sm0.802Mn0.198)(Sm0.066Mn0.934)3(Al0.25Ti0.75)4O12
I m -3,La Cu2.5 (Mn3.91 Fe0.6) O11.74,293.0,0.101325,cubic,LaCu2.5(Mn3.91Fe0.6)O11.74
I m -3,La Cu2.62 (Mn3.32 Fe1.06) O11.81,293.0,0.101325,cubic,LaCu2.62(Mn3.32Fe1.06)O11.81
I m -3,La Cu3 (Mn3 Ti) O12,293.0,0.101325,cubic,LaCu3(Mn3Ti)O12
I m -3,La Cu3 (Mn3.5 Ti0.5) O12,293.0,0.101325,cubic,LaCu3(Mn3.5Ti0.5)O12
I m -3,La (Cu2 Mn) (Mn3 Ti) O12,293.0,0.101325,cubic,La(Cu2Mn)(Mn3Ti)O12
I m -3,(Nd0.8 Na0.2) Mn3 (Ti0.925 Mn0.075)4 O12,295.0,0.101325,cubic,(Nd0.8Na0.2)Mn3(Ti0.925Mn0.075)4O12
I m -3,Ca Cu3 (Ru3.5 Mn0.5) O12,295.0,0.101325,cubic,CaCu3(Ru3.5Mn0.5)O12
I m -3,Ca Cu3 (Ru3 Mn) O12,295.0,0.101325,cubic,CaCu3(Ru3Mn)O12
I m -3,Ca Cu3 (Ru2.5 Mn1.5) O12,295.0,0.101325,cubic,CaCu3(Ru2.5Mn1.5)O12
I m -3,Ca Cu3 (Ru2 Mn2) O12,295.0,0.101325,cubic,CaCu3(Ru2Mn2)O12
I m -3,Ca Cu3 (Ru Mn3) O12,295.0,0.101325,cubic,CaCu3(RuMn3)O12
I a -3 d,Mn2.6 Fe0.4 Al2 (Si O4)3,293.0,0.101325,cubic,Mn2.6Fe0.4Al2(SiO4)3
I a -3 d,(Mn2.21 Fe0.79) Al2 (Si O4)3,293.0,0.101325,cubic,(Mn2.21Fe0.79)Al2(SiO4)3
I a -3 d,(Mn2.37 Ca0.63) Al2 (Si O4)3,293.0,0.101325,cubic,(Mn2.37Ca0.63)Al2(SiO4)3
I a -3 d,Ca2.43 Mn1.29 Al1.28 (Si O4)3,293.0,0.101325,cubic,Ca2.43Mn1.29Al1.28(SiO4)3
I a -3 d,(Na0.9 Ca2.1) (Ca0.28 Mn1.72) (V O4)3,293.0,0.101325,cubic,(Na0.9Ca2.1)(Ca0.28Mn1.72)(VO4)3
I a -3 d,Ag Ca2 Mn2 (V O4)3,293.0,0.101325,cubic,AgCa2Mn2(VO4)3
I a -3 d,Na Pb2 Mn2 (V O4)3,293.0,0.101325,cubic,NaPb2Mn2(VO4)3
I a -3 d,(Ag Ca2) Mn2 (V O4)3,293.0,0.101325,cubic,(AgCa2)Mn2(VO4)3
I a -3 d,Mn3 (Mn0.6 Ga1.4) (Ge2.86 Si0.14) O12,300.0,0.101325,cubic,Mn3(Mn0.6Ga1.4)(Ge2.86Si0.14)O12
I a -3,(Cu0.11 Fe0.07 Ti0.11 Mn0.21) (Cu0.33 Fe0.21 Mn0.63 Ti0.33) O3,293.0,0.101325,cubic,(Cu0.11Fe0.07Ti0.11Mn0.21)(Cu0.33Fe0.21Mn0.63Ti0.33)O3
I a -3,(Zr0.95 Er0.02 Mn0.03) Te3 O8,293.0,0.101325,cubic,(Zr0.95Er0.02Mn0.03)Te3O8
F m -3 m,Sr2 Fe (Mn0.5 W0.5) O6,295.0,0.101325,cubic,Sr2Fe(Mn0.5W0.5)O6
F m -3 m,(La0.97 Sr1.03) Mn Co O6,297.0,0.101325,cubic,(La0.97Sr1.03)MnCoO6
F m -3 m,(Li0.75 Mn0.25 Ti0.12) (O0.75 F0.38),293.0,0.101325,cubic,(Li0.75Mn0.25Ti0.12)(O0.75F0.38)
F m -3 m,(Li0.68 Mn0.15 Ti0.16) (O0.63 F0.37),293.0,0.101325,cubic,(Li0.68Mn0.15Ti0.16)(O0.63F0.37)
F m -3 m,(Li0.76 Mn0.08 Ti0.16) (O0.72 F0.28),293.0,0.101325,cubic,(Li0.76Mn0.08Ti0.16)(O0.72F0.28)
F m -3 m,Li1.2 Mn0.625 Nb0.175 O1.95 F0.05,293.0,0.101325,cubic,Li1.2Mn0.625Nb0.175O1.95F0.05
F m -3 m,Ca2 (Fe Mn0.5 W0.5) O5.98,293.0,0.101325,cubic,Ca2(FeMn0.5W0.5)O5.98
F m -3 m,Sr2 (Fe Mn0.5 W0.5) O6.01,293.0,0.101325,cubic,Sr2(FeMn0.5W0.5)O6.01
F m -3 m,Ba2 (Fe Mn0.5 W0.5) O5.72,293.0,0.101325,cubic,Ba2(FeMn0.5W0.5)O5.72
F m -3 m,Ba2 (Nd0.49 Mn0.51) (Mo O6),298.0,0.101325,cubic,Ba2(Nd0.49Mn0.51)(MoO6)
F m -3 m,Ba2 (Nd0.29 Mn0.71) (Mo O6),298.0,0.101325,cubic,Ba2(Nd0.29Mn0.71)(MoO6)
F m -3 m,Ba2 (Nd0.1 Mn0.9) (Mo O6),298.0,0.101325,cubic,Ba2(Nd0.1Mn0.9)(MoO6)
F m -3 m,Ba2 La (Sb0.998 Mn0.002) O6,293.0,0.101325,cubic,Ba2La(Sb0.998Mn0.002)O6
F m -3 m,Ba La Mn Ta O6,293.0,0.101325,cubic,BaLaMnTaO6
F m -3 m,Ba La Mn Mo O6,298.0,0.101325,cubic,BaLaMnMoO6
F m -3 m,Ba La Mn Mo O6,293.0,0.101325,cubic,BaLaMnMoO6
F m -3 m,((Li0.65 Mn0.34 Ti0.17) O0.99 F0.13)0.89,293.0,0.101325,cubic,((Li0.65Mn0.34Ti0.17)O0.99F0.13)0.89
F m -3 m,((Li0.69 Mn0.31 Ti0.14) O0.90 F0.25)0.87,293.0,0.101325,cubic,((Li0.69Mn0.31Ti0.14)O0.90F0.25)0.87
F m -3 m,((Li0.75 Mn0.25 Ti0.12) O0.74 F0.36)0.91,293.0,0.101325,cubic,((Li0.75Mn0.25Ti0.12)O0.74F0.36)0.91
F d -3 m Z,Li0.5 Ni0.75 Mn0.13 Co0.12 O2,293.0,0.101325,cubic,Li0.5Ni0.75Mn0.13Co0.12O2
F d -3 m Z,(Mg0.117 Al0.016 Mn0.663 Fe0.203) (Mg0.025 Al1.757 Mn0.152 Fe0.067) O4,293.0,0.101325,cubic,(Mg0.117Al0.016Mn0.663Fe0.203)(Mg0.025Al1.757Mn0.152Fe0.067)O4
F d -3 m Z,Mn28 Cs36 (Al92 Si100 O384),294.0,0.101325,cubic,Mn28Cs36(Al92Si100O384)
F d -3 m Z,(Mn0.662 Co0.2 Ni0.112) (Mn0.619 Cu0.05 Ni0.331)2 O4,293.0,0.101325,cubic,(Mn0.662Co0.2Ni0.112)(Mn0.619Cu0.05Ni0.331)2O4
F d -3 m Z,(Li0.95 Cu0.05) (Mn0.78 Cr0.15 Cu0.07)2 O4,293.0,0.101325,cubic,(Li0.95Cu0.05)(Mn0.78Cr0.15Cu0.07)2O4
F d -3 m Z,(Co0.96 Mn0.04) (Co0.52 Mn1.28 Ni0.1 Cu0.1) O4,293.0,0.101325,cubic,(Co0.96Mn0.04)(Co0.52Mn1.28Ni0.1Cu0.1)O4
F d -3 m Z,(Ce0.25 Mn0.75)2 (Ga0.25 Sb0.75)2 O7,295.0,0.101325,cubic,(Ce0.25Mn0.75)2(Ga0.25Sb0.75)2O7
F d -3 m Z,Li Ni0.5 Mn1.3 Ti0.2 O4,293.0,0.101325,cubic,LiNi0.5Mn1.3Ti0.2O4
F d -3 m Z,Li0.599 Ni0.489 Mn1.326 Ti0.184 O4,293.0,0.101325,cubic,Li0.599Ni0.489Mn1.326Ti0.184O4
F d -3 m Z,Li Ni0.458 Ti0.082 Mn1.43 O4,293.0,0.101325,cubic,LiNi0.458Ti0.082Mn1.43O4
F d -3 m Z,Li Ni0.442 Ti0.187 Mn1.302 O4,293.0,0.101325,cubic,LiNi0.442Ti0.187Mn1.302O4
F d -3 m Z,Li Ni0.484 Ti0.390 Mn1.108 O4,293.0,0.101325,cubic,LiNi0.484Ti0.390Mn1.108O4
F d -3 m Z,Li0.993 Mg0.006 Ni0.436 Mn1.564 O4,293.0,0.101325,cubic,Li0.993Mg0.006Ni0.436Mn1.564O4
F d -3 m Z,Li1.1 (Mn0.6 Co0.8 Ni0.6) O3,293.0,0.101325,cubic,Li1.1(Mn0.6Co0.8Ni0.6)O3
F d -3 m Z,Li0.5 Ni0.91 Co0.03 Mn0.07 O2,293.0,0.101325,cubic,Li0.5Ni0.91Co0.03Mn0.07O2
F d -3 m Z,Co2.90 Cu0.02 Mn0.03 Si0.02 O4,293.0,0.101325,cubic,Co2.90Cu0.02Mn0.03Si0.02O4
F d -3 m Z,Mg (Ga0.998 Mg0.498 Sn0.498 Mn0.006) O4,293.0,0.101325,cubic,Mg(Ga0.998Mg0.498Sn0.498Mn0.006)O4
F d -3 m Z,(Mg0.632 Fe0.161 Mn0.004 Al0.203) (Al1.724 Fe0.044 Mg0.232) O4,296.0,0.101325,cubic,(Mg0.632Fe0.161Mn0.004Al0.203)(Al1.724Fe0.044Mg0.232)O4
F d -3 m Z,(Mg0.651 Fe0.143 Mn0.004 Al0.203) (Al1.706 Fe0.050 Mg0.245) O4,296.0,0.101325,cubic,(Mg0.651Fe0.143Mn0.004Al0.203)(Al1.706Fe0.050Mg0.245)O4
F d -3 m Z,(Mg0.632 Fe0.170 Mn0.004 Al0.194) (Al1.720 Fe0.070 Mg0.210) O4,296.0,0.101325,cubic,(Mg0.632Fe0.170Mn0.004Al0.194)(Al1.720Fe0.070Mg0.210)O4
F d -3 m Z,(Li0.974 Ni0.026) (Ni0.474 Li0.026 Mn1.35 Ti0.15) O4,293.0,0.101325,cubic,(Li0.974Ni0.026)(Ni0.474Li0.026Mn1.35Ti0.15)O4
F d -3 m Z,(Li0.97 Ni0.03) (Ni0.47 Li0.03 Mn1.2 Ti0.3) O4,293.0,0.101325,cubic,(Li0.97Ni0.03)(Ni0.47Li0.03Mn1.2Ti0.3)O4
F d -3 m Z,(Li0.942 Ni0.058) (Ni0.442 Li0.058 Mn1.05 Ti0.45) O4,293.0,0.101325,cubic,(Li0.942Ni0.058)(Ni0.442Li0.058Mn1.05Ti0.45)O4
F d -3 m Z,(Li0.948 Ni0.052) (Ni0.448 Li0.052 Mn0.9 Ti0.6) O4,293.0,0.101325,cubic,(Li0.948Ni0.052)(Ni0.448Li0.052Mn0.9Ti0.6)O4
F d -3 m Z,(Li0.932 Ni0.068) (Ni0.432 Li0.068 Mn0.75 Ti0.75) O4,293.0,0.101325,cubic,(Li0.932Ni0.068)(Ni0.432Li0.068Mn0.75Ti0.75)O4
F d -3 m Z,(Li0.923 Ni0.077) (Ni0.423 Li0.077 Mn0.60 Ti0.90) O4,293.0,0.101325,cubic,(Li0.923Ni0.077)(Ni0.423Li0.077Mn0.60Ti0.90)O4
F d -3 m Z,(Li0.92 Ni0.08) (Ni0.42 Li0.08 Mn0.5 Ti) O4,293.0,0.101325,cubic,(Li0.92Ni0.08)(Ni0.42Li0.08Mn0.5Ti)O4
F d -3 m Z,(Li0.941 Ni0.059) (Ni0.441 Li0.059 Mn0.35 Ti1.15) O4,293.0,0.101325,cubic,(Li0.941Ni0.059)(Ni0.441Li0.059Mn0.35Ti1.15)O4
F d -3 m Z,(Li0.95 Ni0.05) (Ni0.45 Li0.05 Mn0.20 Ti1.30) O4,293.0,0.101325,cubic,(Li0.95Ni0.05)(Ni0.45Li0.05Mn0.20Ti1.30)O4
F d -3 m Z,(Li0.95 Ti0.05) (Li0.05 Mn Ru0.5 Ti0.45) O4,293.0,0.101325,cubic,(Li0.95Ti0.05)(Li0.05MnRu0.5Ti0.45)O4
F d -3 m Z,(Li0.5 Cu0.5) (Mn Ru) O4,293.0,0.101325,cubic,(Li0.5Cu0.5)(MnRu)O4
F d -3 m Z,(Li0.22 Cu0.5) (Mn Ru) O4,293.0,0.101325,cubic,(Li0.22Cu0.5)(MnRu)O4
F d -3 m Z,Co0.756 Fe0.726 Mn0.714 Ni0.801 O4,293.0,0.101325,cubic,Co0.756Fe0.726Mn0.714Ni0.801O4
F d -3 m Z,Ba10 Mn2 F25 (H2 O)2,296.0,0.101325,cubic,Ba10Mn2F25(H2O)2
F d -3 m Z,Li0.95 (Mn1.94 Cr0.0014 Fe0.0084) O3.98,293.0,0.101325,cubic,Li0.95(Mn1.94Cr0.0014Fe0.0084)O3.98
F d -3 m Z,Li0.97 (Mn1.92 Cr0.0048 Fe0.028) O3.88,293.0,0.101325,cubic,Li0.97(Mn1.92Cr0.0048Fe0.028)O3.88
F d -3 m Z,Li0.96 (Mn1.89 Cr0.0104 Fe0.062) O3.84,293.0,0.101325,cubic,Li0.96(Mn1.89Cr0.0104Fe0.062)O3.84
F d -3 m Z,Cs Mn Mo O3 F3,298.0,0.101325,cubic,CsMnMoO3F3
F d -3 m Z,(Na0.28 Bi0.72)2 (Bi0.419 Fe0.537 Mn0.049)2 O6.871,293.0,0.101325,cubic,(Na0.28Bi0.72)2(Bi0.419Fe0.537Mn0.049)2O6.871
F d -3 m Z,(K0.306 Bi0.699)2 (Bi0.431 Fe0.522 Mn0.046)2 O6.872,293.0,0.101325,cubic,(K0.306Bi0.699)2(Bi0.431Fe0.522Mn0.046)2O6.872
F d -3 m Z,(Na0.299 Bi0.703)2 (Bi0.421 Fe0.539 Mn0.050)2 O6.824,293.0,0.101325,cubic,(Na0.299Bi0.703)2(Bi0.421Fe0.539Mn0.050)2O6.824
F d -3 m Z,(K0.297 Bi0.705)2 (Bi0.444 Fe0.533 Mn0.032)2 O6.871,293.0,0.101325,cubic,(K0.297Bi0.705)2(Bi0.444Fe0.533Mn0.032)2O6.871
F d -3 m Z,(Na0.225 Bi0.665 Fe0.091)2 (Bi0.384 Fe0.534 Mn0.086)2 O6.872,293.0,0.101325,cubic,(Na0.225Bi0.665Fe0.091)2(Bi0.384Fe0.534Mn0.086)2O6.872
F d -3 m Z,(K0.086 Bi0.714 Fe0.080)2 (Bi0.403 Fe0.527 Mn0.074)2 O6.875,293.0,0.101325,cubic,(K0.086Bi0.714Fe0.080)2(Bi0.403Fe0.527Mn0.074)2O6.875
F d -3 m Z,(Fe0.404 Mn0.16 Zn0.436) (Mg0.404 Fe1.596) O4,293.0,0.101325,cubic,(Fe0.404Mn0.16Zn0.436)(Mg0.404Fe1.596)O4
F d -3 m Z,Cs Mn Ti O F5,293.0,0.101325,cubic,CsMnTiOF5
F d -3 m Z,Cs Mn Mo O3 F3,293.0,0.101325,cubic,CsMnMoO3F3
F d -3 m Z,Li1.005 Co1.067 Mn0.928 O3.621 F0.379,293.0,0.101325,cubic,Li1.005Co1.067Mn0.928O3.621F0.379
F d -3 m Z,Mn28.5 Si135 Al57 O384 (H2 O)27.2,293.0,0.101325,cubic,Mn28.5Si135Al57O384(H2O)27.2
F d -3 m Z,Cu0.6625 Fe0.6625 Mn1.0125 Cr0.6625 O4,293.0,0.101325,cubic,Cu0.6625Fe0.6625Mn1.0125Cr0.6625O4
F d -3 m Z,Li1.02 Ni0.5 Mn1.5 O3.98 Cl0.02,293.0,0.101325,cubic,Li1.02Ni0.5Mn1.5O3.98Cl0.02
F d -3 m Z,Li1.03 Ni0.5 Mn1.5 O3.97 Cl0.03,293.0,0.101325,cubic,Li1.03Ni0.5Mn1.5O3.97Cl0.03
F d -3 m Z,Li1.04 Ni0.5 Mn1.5 O3.96 Cl0.04,293.0,0.101325,cubic,Li1.04Ni0.5Mn1.5O3.96Cl0.04
F d -3 m Z,Li (Al0.1 Mn1.87 Ni0.03) O4,293.0,0.101325,cubic,Li(Al0.1Mn1.87Ni0.03)O4
F d -3 m Z,Li (Al0.1 Mn1.85 Ni0.05) O4,293.0,0.101325,cubic,Li(Al0.1Mn1.85Ni0.05)O4
F d -3 m Z,Li Fe0.05 Cr0.08 Mn1.87 O4,293.0,0.101325,cubic,LiFe0.05Cr0.08Mn1.87O4
F d -3 m Z,Li Co0.2 Fe0.2 Mn1.6 O4,293.0,0.101325,cubic,LiCo0.2Fe0.2Mn1.6O4
F d -3 m Z,Li (Li0.03 Fe0.1 Mg0.1 Mn1.77) O4,293.0,0.101325,cubic,Li(Li0.03Fe0.1Mg0.1Mn1.77)O4
F d -3 m Z,(Li0.988 Cu0.012) (Ni0.45 Cu0.038 Li0.012 Mn1.5) O4,293.0,0.101325,cubic,(Li0.988Cu0.012)(Ni0.45Cu0.038Li0.012Mn1.5)O4
F d -3 m Z,(Li0.96 Cu0.04) (Ni0.4 Cu0.06 Li0.04 Mn1.5) O4,293.0,0.101325,cubic,(Li0.96Cu0.04)(Ni0.4Cu0.06Li0.04Mn1.5)O4
F d -3 m Z,(Li0.867 Cu0.133) (Ni0.25 Cu0.117 Li0.133 Mn1.5) O4,293.0,0.101325,cubic,(Li0.867Cu0.133)(Ni0.25Cu0.117Li0.133Mn1.5)O4
F d -3 m Z,(Ni0.12 Mn0.38 Zn0.5) Fe2 O4,293.0,0.101325,cubic,(Ni0.12Mn0.38Zn0.5)Fe2O4
F d -3 m Z,(Ni0.245 Mn0.255 Zn0.5) Fe2 O4,293.0,0.101325,cubic,(Ni0.245Mn0.255Zn0.5)Fe2O4
F d -3 m Z,(Ni0.375 Mn0.125 Zn0.5) Fe2 O4,293.0,0.101325,cubic,(Ni0.375Mn0.125Zn0.5)Fe2O4
F d -3 m Z,Li Ni0.5 La0.01 Mn1.49 O4,293.0,0.101325,cubic,LiNi0.5La0.01Mn1.49O4
F d -3 m Z,Li Ni0.5 Mn1.5 O3.97 F0.03,293.0,0.101325,cubic,LiNi0.5Mn1.5O3.97F0.03
F d -3 m Z,(Fe0.233 Mn0.767) (Cr0.965 Al0.035)2 O4,293.0,0.101325,cubic,(Fe0.233Mn0.767)(Cr0.965Al0.035)2O4
F d -3 m Z,(Fe0.5083 Mn0.4917) (Cr0.9682 Al0.0318)2 O4,293.0,0.101325,cubic,(Fe0.5083Mn0.4917)(Cr0.9682Al0.0318)2O4
F d -3 m Z,(Fe0.75 Mn0.25) (Cr0.9755 Al0.0265)2 O4,293.0,0.101325,cubic,(Fe0.75Mn0.25)(Cr0.9755Al0.0265)2O4
F d -3 m Z,Ni0.4 Zn0.55 Mn0.05 Fe2 O4,293.0,0.101325,cubic,Ni0.4Zn0.55Mn0.05Fe2O4
F d -3 m Z,Ni0.4 Zn0.50 Mn0.10 Fe2 O4,293.0,0.101325,cubic,Ni0.4Zn0.50Mn0.10Fe2O4
F d -3 m Z,Ni0.4 Zn0.45 Mn0.15 Fe2 O4,293.0,0.101325,cubic,Ni0.4Zn0.45Mn0.15Fe2O4
F d -3 m Z,Ni0.4 Zn0.40 Mn0.20 Fe2 O4,293.0,0.101325,cubic,Ni0.4Zn0.40Mn0.20Fe2O4
F d -3 m Z,Ni0.4 Zn0.35 Mn0.25 Fe2 O4,293.0,0.101325,cubic,Ni0.4Zn0.35Mn0.25Fe2O4
F d -3 m Z,(Ni0.33 Mn0.33 Co0.33) Cr2 O4,293.0,0.101325,cubic,(Ni0.33Mn0.33Co0.33)Cr2O4
F d -3 m Z,(Mn0.57 Fe0.43) (Fe1.17 Mn0.43 Al0.2 Cr0.2) O4,293.0,0.101325,cubic,(Mn0.57Fe0.43)(Fe1.17Mn0.43Al0.2Cr0.2)O4
F d -3 m Z,(Mn0.57 Fe0.43) (Fe0.77 Mn0.43 Al0.4 Cr0.4) O4,293.0,0.101325,cubic,(Mn0.57Fe0.43)(Fe0.77Mn0.43Al0.4Cr0.4)O4
F d -3 m Z,(Mn0.57 Fe0.43) (Fe0.37 Mn0.43 Al0.6 Cr0.6) O4,293.0,0.101325,cubic,(Mn0.57Fe0.43)(Fe0.37Mn0.43Al0.6Cr0.6)O4
F d -3 m Z,(Mn0.57 Fe0.28 Al0.15) (Fe0.12 Mn0.43 Al0.65 Cr0.8) O4,293.0,0.101325,cubic,(Mn0.57Fe0.28Al0.15)(Fe0.12Mn0.43Al0.65Cr0.8)O4
F d -3 m Z,Li1.05 (Mn Ni0.5 Ti0.5) O4,295.0,0.101325,cubic,Li1.05(MnNi0.5Ti0.5)O4
F d -3 m S,(Zr0.5 Ti0.5)3 (V0.5 Mn0.5)3 O,293.0,0.101325,cubic,(Zr0.5Ti0.5)3(V0.5Mn0.5)3O
F d -3 m S,Co0.7 Mn0.3 Fe1.95 Dy0.05 O4,293.0,0.101325,cubic,Co0.7Mn0.3Fe1.95Dy0.05O4
F d -3 m S,Co0.7 Mn0.3 Fe1.9 Dy0.1 O4,293.0,0.101325,cubic,Co0.7Mn0.3Fe1.9Dy0.1O4
F d -3 m S,(Mn1.25 Mg0.75) (Fe0.5 Sb0.5) O4,293.0,0.101325,cubic,(Mn1.25Mg0.75)(Fe0.5Sb0.5)O4
F d -3 m S,Li Ni0.3 Mg0.2 Mn1.5 O4,293.0,0.101325,cubic,LiNi0.3Mg0.2Mn1.5O4
F d -3 m S,Li Ni0.5 Mn1.2 Ti0.3 O4,293.0,0.101325,cubic,LiNi0.5Mn1.2Ti0.3O4
F d -3 m S,Li Ni0.5 Mn1.1 Ti0.4 O4,293.0,0.101325,cubic,LiNi0.5Mn1.1Ti0.4O4
F d -3 m S,Li Ni0.5 Mn1.0 Ti0.5 O4,293.0,0.101325,cubic,LiNi0.5Mn1.0Ti0.5O4
F d -3 m S,Li Ni0.5 Mn0.8 Ti0.7 O4,293.0,0.101325,cubic,LiNi0.5Mn0.8Ti0.7O4
F d -3 m S,Li Ni0.5 Mn0.5 Ti1.0 O4,293.0,0.101325,cubic,LiNi0.5Mn0.5Ti1.0O4
F d -3 m S,Li Ni0.5 Mn0.3 Ti1.2 O4,293.0,0.101325,cubic,LiNi0.5Mn0.3Ti1.2O4
F d -3 m S,Li Ni0.5 Mn0.15 Ti1.35 O4,293.0,0.101325,cubic,LiNi0.5Mn0.15Ti1.35O4
F d -3 m S,Cu0.6 Mn1.68 Ni0.48 Co0.24 O4,293.0,0.101325,cubic,Cu0.6Mn1.68Ni0.48Co0.24O4
F d -3 m S,(Fe0.72 Zn0.21 Mn0.07) (Fe1.28 Zn0.29 Mg0.40 Mn0.03) O4,293.0,0.101325,cubic,(Fe0.72Zn0.21Mn0.07)(Fe1.28Zn0.29Mg0.40Mn0.03)O4
F d -3 m S,(Fe0.54 Zn0.32 Mn0.14) (Fe1.46 Zn0.18 Mg0.30 Mn0.06) O4,293.0,0.101325,cubic,(Fe0.54Zn0.32Mn0.14)(Fe1.46Zn0.18Mg0.30Mn0.06)O4
F d -3 m S,(Fe0.45 Zn0.37 Mn0.18) (Fe1.55 Zn0.13 Mg0.20 Mn0.12) O4,293.0,0.101325,cubic,(Fe0.45Zn0.37Mn0.18)(Fe1.55Zn0.13Mg0.20Mn0.12)O4
F d -3 m S,(Fe0.41 Zn0.40 Mn0.19) (Fe1.59 Zn0.10 Mg0.10 Mn0.21) O4,293.0,0.101325,cubic,(Fe0.41Zn0.40Mn0.19)(Fe1.59Zn0.10Mg0.10Mn0.21)O4
F d -3 m S,(Mn0.55 Zn0.45) (Fe1.99 Gd0.01 O4),293.0,0.101325,cubic,(Mn0.55Zn0.45)(Fe1.99Gd0.01O4)
F d -3 m S,(Mn0.55 Zn0.45) (Fe1.97 Gd0.03 O4),293.0,0.101325,cubic,(Mn0.55Zn0.45)(Fe1.97Gd0.03O4)
F d -3 m S,(Mn0.55 Zn0.45) (Fe1.95 Gd0.05 O4),293.0,0.101325,cubic,(Mn0.55Zn0.45)(Fe1.95Gd0.05O4)
F d -3 m S,(Mn0.55 Zn0.45) (Fe1.92 Gd0.08 O4),293.0,0.101325,cubic,(Mn0.55Zn0.45)(Fe1.92Gd0.08O4)
F d -3 m S,Na0.85 (Mn1.5 Ni0.5) (O3.8 F0.2),293.0,0.101325,cubic,Na0.85(Mn1.5Ni0.5)(O3.8F0.2)
F d -3 m S,Na0.95 (Mn1.5 Ni0.5) (O3.8 F0.2),293.0,0.101325,cubic,Na0.95(Mn1.5Ni0.5)(O3.8F0.2)
F d -3 m S,Na0.965 (Mn1.5 Ni0.5) (O3.8 F0.2),293.0,0.101325,cubic,Na0.965(Mn1.5Ni0.5)(O3.8F0.2)
F d -3 m S,Mg0.175 Sr0.025 Mn0.8 Fe2 O4,293.0,0.101325,cubic,Mg0.175Sr0.025Mn0.8Fe2O4
F d -3 m S,Mg0.15 Sr0.05 Mn0.8 Fe2 O4,293.0,0.101325,cubic,Mg0.15Sr0.05Mn0.8Fe2O4
F d -3 m S,Mg0.125 Sr0.075 Mn0.8 Fe2 O4,293.0,0.101325,cubic,Mg0.125Sr0.075Mn0.8Fe2O4
F d -3 m S,Mg0.1 Sr0.1 Mn0.8 Fe2 O4,293.0,0.101325,cubic,Mg0.1Sr0.1Mn0.8Fe2O4
F d -3 m S,Mg0.05 Sr0.15 Mn0.8 Fe2 O4,293.0,0.101325,cubic,Mg0.05Sr0.15Mn0.8Fe2O4
F d -3 m S,Mg0.5 Zn0.375 Mn0.125 Fe2 O4,293.0,0.101325,cubic,Mg0.5Zn0.375Mn0.125Fe2O4
F d -3 m S,Mg0.5 Zn0.25 Mn0.25 Fe2 O4,293.0,0.101325,cubic,Mg0.5Zn0.25Mn0.25Fe2O4
F d -3 m S,Mg0.5 Zn0.125 Mn0.375 Fe2 O4,293.0,0.101325,cubic,Mg0.5Zn0.125Mn0.375Fe2O4
F d -3 m S,Co Cd0.4 Mn0.1 Fe1.5 O4,293.0,0.101325,cubic,CoCd0.4Mn0.1Fe1.5O4
F d -3 m S,Co Cd0.4 Mn0.2 Fe1.4 O4,293.0,0.101325,cubic,CoCd0.4Mn0.2Fe1.4O4
F d -3 m S,Co Cd0.4 Mn0.3 Fe1.3 O4,293.0,0.101325,cubic,CoCd0.4Mn0.3Fe1.3O4
F d -3 m S,Co Cd0.4 Mn0.4 Fe1.2 O4,293.0,0.101325,cubic,CoCd0.4Mn0.4Fe1.2O4
F d -3 m S,Co Cd0.4 Mn0.5 Fe1.1 O4,293.0,0.101325,cubic,CoCd0.4Mn0.5Fe1.1O4
F d -3 m S,Co Cd0.4 Mn0.6 Fe O4,293.0,0.101325,cubic,CoCd0.4Mn0.6FeO4
F d -3 m S,Li Cr0.2 Ni0.4 Mn1.4 O4,293.0,0.101325,cubic,LiCr0.2Ni0.4Mn1.4O4
F d -3 m S,Mn0.5 Zn0.5 Fe1.99 Sc0.01 O4,293.0,0.101325,cubic,Mn0.5Zn0.5Fe1.99Sc0.01O4
F d -3 m S,Mn0.5 Zn0.5 Fe1.97 Sc0.03 O4,293.0,0.101325,cubic,Mn0.5Zn0.5Fe1.97Sc0.03O4
F d -3 m S,Mn0.5 Zn0.5 Fe1.95 Sc0.05 O4,293.0,0.101325,cubic,Mn0.5Zn0.5Fe1.95Sc0.05O4
F d -3 Z,Mn21.5 Rb49 (Al92 Si100 O384),294.0,0.101325,cubic,Mn21.5Rb49(Al92Si100O384)
F 4 3 2,Ca6.3 Mn3 Ga4.4 Al1.3 O18,293.0,0.101325,cubic,Ca6.3Mn3Ga4.4Al1.3O18
F -4 3 m,Li In (Cr3.8 Mn0.2) O8,293.0,0.101325,cubic,LiIn(Cr3.8Mn0.2)O8
F -4 3 m,Li In (Cr3.6 Mn0.4) O8,293.0,0.101325,cubic,LiIn(Cr3.6Mn0.4)O8
F -4 3 m,Li In (Cr3.5 Mn0.5) O8,293.0,0.101325,cubic,LiIn(Cr3.5Mn0.5)O8
